transaction_id,date,branch,product_category,product_name,unit_price,quantity_sold,total_sales,payment_method,customer_gender,customer_age,satisfaction_rating,promo_status,daily_ad_spend
TRX01409,2026-01-01,Surabaya,Laptop,Laptop A14,14493000,1,14493000,E-Wallet,M,57.0,,Regular,584000
TRX00846,2026-01-01,Bandung,Smartphone,Smartphone MaxEdge,7967000,5,39835000,Credit Card,M,21.0,,Regular,1652000
TRX01550,2026-01-01,Jakarta,Accessories,Wireless Mouse,126000,4,504000,Cash,F,33.0,5.0,Regular,1092000
TRX01622,2026-01-01,Jakarta,Laptop,Laptop X1,13021000,3,39063000,Credit Card,F,39.0,1.0,Regular,727000
TRX01996,2026-01-01,Malang,Smartphone,Smartphone NovaLite,5472000,2,10944000,Credit Card,F,41.0,4.0,Regular,1630000
TRX00901,2026-01-01,Jakarta,Laptop,Laptop UltraSlim,9543000,2,19086000,E-Wallet,F,30.0,,Regular,2103000
TRX01739,2026-01-01,Surabaya,Home Appliances,TV LED 32in,4369000,2,8738000,Debit Card,F,,5.0,Regular,637000
TRX00773,2026-01-01,Bandung,Smartphone,Smartphone Air,1974000,5,9870000,E-Wallet,F,26.0,,Regular,1652000
TRX01913,2026-01-01,Jakarta,Home Appliances,Rice Cooker,1714000,3,5142000,Debit Card,F,39.0,4.0,Regular,2924000
TRX00845,2026-01-01,Jakarta,Smartphone,Smartphone Air,1632000,4,6528000,Debit Card,F,40.0,5.0,Regular,1258000
TRX01949,2026-01-01,Bandung,Laptop,Laptop ProBook,9489000,3,28467000,E-Wallet,F,34.0,,Regular,658000
TRX01237,2026-01-01,Bandung,Accessories,Wireless Mouse,329000,2,658000,Debit Card,F,41.0,4.0,Regular,824000
TRX01482,2026-01-01,Jakarta,Home Appliances,TV LED 32in,4858000,2,9716000,Debit Card,F,30.0,4.0,Regular,2607000
TRX01488,2026-01-01,Malang,Accessories,Wireless Mouse,90000,2,180000,Debit Card,M,36.0,5.0,Regular,2463000
TRX00381,2026-01-01,Surabaya,Accessories,Wireless Mouse,476000,5,2380000,Cash,F,25.0,2.0,Regular,2619000
TRX01294,2026-01-01,Malang,Laptop,Laptop A14,9312000,5,46560000,E-Wallet,M,26.0,,Regular,2842000
TRX01279,2026-01-02,Malang,Smartphone,Smartphone MaxEdge,3298000,3,9894000,E-Wallet,M,31.0,5.0,Regular,1109000
TRX01532,2026-01-02,Surabaya,Smartphone,Smartphone Air,2121000,5,10605000,Cash,F,36.0,3.0,Regular,1654000
TRX01175,2026-01-02,Bandung,Smartphone,Smartphone Z5,2690000,5,13450000,Debit Card,M,46.0,5.0,Regular,228000
TRX01807,2026-01-02,Bandung,Laptop,Laptop A14,13401000,3,40203000,Credit Card,F,,5.0,Regular,1964000
TRX00303,2026-01-02,Bandung,Smartphone,Smartphone NovaLite,4620000,3,13860000,E-Wallet,M,31.0,5.0,Regular,1608000
TRX00707,2026-01-02,Malang,Smartphone,Smartphone Z5,2087000,2,4174000,E-Wallet,M,36.0,4.0,Regular,231000
TRX01190,2026-01-02,Malang,Smartphone,Smartphone NovaLite,5757000,3,17271000,Debit Card,M,32.0,4.0,Regular,1418000
TRX00104,2026-01-02,Jakarta,Home Appliances,Rice Cooker,5951000,3,17853000,Cash,F,48.0,4.0,Regular,1406000
TRX00575,2026-01-02,Jakarta,Home Appliances,Rice Cooker,2838000,5,14190000,E-Wallet,M,64.0,3.0,Regular,2176000
TRX01070,2026-01-02,Surabaya,Smartphone,Smartphone Z5,4040000,5,20200000,Debit Card,M,25.0,,Regular,425000
TRX00465,2026-01-02,Jakarta,Laptop,Laptop ProBook,6826000,2,13652000,Credit Card,M,20.0,5.0,Regular,1157000
TRX01763,2026-01-02,Surabaya,Smartphone,Smartphone NovaLite,6036000,1,6036000,Cash,F,20.0,5.0,Regular,1279000
TRX01121,2026-01-03,Surabaya,Smartphone,Smartphone NovaLite,1821000,3,5463000,Debit Card,M,38.0,3.0,Regular,2815000
TRX00889,2026-01-03,Bandung,Laptop,Laptop UltraSlim,6758000,3,20274000,E-Wallet,M,45.0,4.0,Regular,239000
TRX01682,2026-01-03,Malang,Laptop,Laptop UltraSlim,6662000,2,13324000,Credit Card,M,32.0,3.0,Regular,1913000
TRX01038,2026-01-03,Jakarta,Laptop,Laptop UltraSlim,10474000,1,10474000,E-Wallet,F,27.0,4.0,Regular,2142000
TRX00839,2026-01-03,Malang,Accessories,Powerbank 10000mAh,499000,1,499000,Credit Card,M,32.0,4.0,Regular,2202000
TRX00410,2026-01-03,Jakarta,Accessories,Powerbank 10000mAh,292000,3,876000,Cash,M,33.0,5.0,Regular,1627000
TRX00801,2026-01-03,Surabaya,Smartphone,Smartphone Air,3959000,4,15836000,E-Wallet,F,32.0,1.0,Regular,2492000
TRX00790,2026-01-03,Surabaya,Laptop,Laptop ProBook,6798000,1,6798000,E-Wallet,M,23.0,5.0,Regular,1020000
TRX01594,2026-01-04,Bandung,Smartphone,Smartphone MaxEdge,7360000,1,7360000,Credit Card,M,43.0,3.0,Regular,1333000
TRX02090,2026-01-04,Malang,Home Appliances,Electric Fan,3728000,1,3728000,E-Wallet,M,28.0,4.0,Regular,2537000
TRX01167,2026-01-04,Jakarta,Laptop,Laptop X1,13257000,2,26514000,Debit Card,F,33.0,3.0,Regular,2300000
TRX00540,2026-01-04,Jakarta,Smartphone,Smartphone MaxEdge,3687000,1,3687000,Debit Card,F,31.0,5.0,Regular,1495000
TRX00415,2026-01-04,Bandung,Home Appliances,Rice Cooker,5861000,4,23444000,E-Wallet,M,44.0,3.0,Regular,376000
TRX01652,2026-01-04,Jakarta,Accessories,Bluetooth Earphones,498000,4,1992000,E-Wallet,M,48.0,4.0,Regular,1142000
TRX01624,2026-01-04,Surabaya,Home Appliances,TV LED 32in,2557000,4,10228000,Debit Card,M,37.0,5.0,Regular,2639000
TRX00233,2026-01-04,Surabaya,Smartphone,Smartphone Z5,1675000,1,1675000,Credit Card,F,18.0,5.0,Regular,1144000
TRX01529,2026-01-04,Malang,Accessories,Wireless Mouse,320000,5,1600000,Credit Card,M,47.0,4.0,Regular,1798000
TRX02171,2026-01-04,Bandung,Accessories,Powerbank 10000mAh,411000,3,1233000,E-Wallet,M,33.0,3.0,Regular,1803000
TRX01366,2026-01-04,Jakarta,Smartphone,Smartphone MaxEdge,6074000,4,24296000,E-Wallet,M,20.0,5.0,Regular,2423000
TRX00300,2026-01-04,Surabaya,Smartphone,Smartphone MaxEdge,6252000,3,18756000,Credit Card,F,53.0,5.0,Regular,1550000
TRX00478,2026-01-04,Jakarta,Laptop,Laptop X1,5492000,5,27460000,Credit Card,M,30.0,4.0,Regular,2621000
TRX00369,2026-01-05,Jakarta,Smartphone,Smartphone MaxEdge,6887000,1,6887000,Debit Card,M,21.0,,Regular,595000
TRX02138,2026-01-05,Malang,Laptop,Laptop UltraSlim,10824000,4,43296000,Credit Card,F,22.0,4.0,Regular,2105000
TRX00429,2026-01-05,Malang,Accessories,Powerbank 10000mAh,148000,3,444000,E-Wallet,F,33.0,3.0,Regular,2137000
TRX00170,2026-01-05,Surabaya,Home Appliances,Rice Cooker,1349000,4,5396000,E-Wallet,F,46.0,3.0,Regular,228000
TRX00272,2026-01-05,Bandung,Laptop,Laptop ProBook,7394000,5,36970000,Credit Card,M,33.0,4.0,Regular,2039000
TRX01180,2026-01-05,Jakarta,Home Appliances,TV LED 32in,3648000,4,14592000,E-Wallet,M,18.0,4.0,Regular,1744000
TRX01399,2026-01-05,Jakarta,Smartphone,Smartphone MaxEdge,6637000,1,6637000,E-Wallet,F,31.0,4.0,Regular,355000
TRX01783,2026-01-05,Surabaya,Smartphone,Smartphone Air,6335000,4,25340000,E-Wallet,F,37.0,5.0,Regular,1080000
TRX01744,2026-01-05,Malang,Smartphone,Smartphone Z5,1508000,2,3016000,E-Wallet,F,36.0,5.0,Regular,2490000
TRX00821,2026-01-05,Surabaya,Home Appliances,Electric Fan,3164000,5,15820000,Credit Card,M,28.0,4.0,Regular,2988000
TRX00454,2026-01-05,Surabaya,Accessories,Bluetooth Earphones,276000,4,1104000,Debit Card,F,46.0,4.0,Regular,2445000
TRX00138,2026-01-06,Surabaya,Smartphone,Smartphone NovaLite,6655000,4,26620000,Debit Card,M,22.0,5.0,Regular,651000
TRX01536,2026-01-06,Surabaya,Accessories,Bluetooth Earphones,75000,2,150000,E-Wallet,F,46.0,5.0,Regular,1914000
TRX01590,2026-01-06,Surabaya,Home Appliances,Electric Fan,3025000,5,15125000,E-Wallet,M,35.0,4.0,Regular,2000000
TRX01493,2026-01-06,Jakarta,Smartphone,Smartphone NovaLite,7232000,4,28928000,E-Wallet,M,29.0,5.0,Regular,2934000
TRX00385,2026-01-06,Jakarta,Laptop,Laptop ProBook,7409000,1,7409000,Debit Card,F,48.0,4.0,Regular,1952000
TRX01300,2026-01-06,Surabaya,Smartphone,Smartphone Air,7709000,4,30836000,Debit Card,M,32.0,4.0,Regular,1016000
TRX01944,2026-01-06,Surabaya,Smartphone,Smartphone Z5,3698000,1,3698000,E-Wallet,F,49.0,4.0,Regular,2143000
TRX01869,2026-01-06,Surabaya,Laptop,Laptop A14,10411000,2,20822000,Credit Card,M,42.0,3.0,Regular,2679000
TRX00787,2026-01-06,Malang,Smartphone,Smartphone Z5,3224000,1,3224000,Cash,F,,4.0,Regular,2486000
TRX00830,2026-01-06,Surabaya,Home Appliances,2-Door Refrigerator,5459000,5,27295000,Credit Card,F,34.0,5.0,Regular,2230000
TRX01683,2026-01-07,Jakarta,Smartphone,Smartphone NovaLite,4997000,1,4997000,E-Wallet,F,28.0,5.0,Regular,654000
TRX00844,2026-01-07,Malang,Smartphone,Smartphone NovaLite,5960000,3,17880000,Debit Card,F,38.0,5.0,Regular,2349000
TRX00117,2026-01-07,Surabaya,Accessories,Wireless Mouse,160000,1,160000,Credit Card,M,32.0,2.0,Regular,2172000
TRX01446,2026-01-07,Surabaya,Laptop,Laptop UltraSlim,12989000,3,38967000,E-Wallet,F,24.0,5.0,Regular,1410000
TRX00970,2026-01-07,Surabaya,Accessories,Bluetooth Earphones,335000,5,1675000,Credit Card,F,25.0,4.0,Regular,2354000
TRX00328,2026-01-07,Malang,Accessories,Wireless Mouse,63000,4,252000,Debit Card,M,47.0,5.0,Regular,2144000
TRX01909,2026-01-07,Malang,Laptop,Laptop ProBook,12991000,1,12991000,E-Wallet,F,50.0,5.0,Regular,2335000
TRX01266,2026-01-07,Jakarta,Accessories,Bluetooth Earphones,117000,2,234000,Credit Card,M,,5.0,Regular,935000
TRX00147,2026-01-07,Jakarta,Accessories,Bluetooth Earphones,386000,4,1544000,Debit Card,M,22.0,4.0,Regular,2196000
TRX00663,2026-01-07,Malang,Accessories,Powerbank 10000mAh,126000,1,126000,Debit Card,M,41.0,5.0,Regular,1866000
TRX00562,2026-01-08,Jakarta,Laptop,Laptop UltraSlim,6601000,3,19803000,E-Wallet,M,20.0,4.0,Regular,1587000
TRX00811,2026-01-08,Malang,Smartphone,Smartphone Z5,5299000,3,15897000,Debit Card,M,25.0,3.0,Regular,2820000
TRX01452,2026-01-08,Surabaya,Smartphone,Smartphone NovaLite,7698000,4,30792000,E-Wallet,M,40.0,,Regular,1053000
TRX00902,2026-01-08,Surabaya,Accessories,Phone Case,372000,3,1116000,Debit Card,M,53.0,,Regular,1804000
TRX00250,2026-01-08,Malang,Home Appliances,2-Door Refrigerator,2383000,5,11915000,Debit Card,M,32.0,3.0,Regular,1383000
TRX01019,2026-01-08,Malang,Home Appliances,Rice Cooker,1693000,4,6772000,E-Wallet,F,44.0,2.0,Regular,1506000
TRX01099,2026-01-08,Malang,Laptop,Laptop A14,7964000,4,31856000,E-Wallet,M,34.0,4.0,Regular,1810000
TRX00817,2026-01-08,Jakarta,Smartphone,Smartphone MaxEdge,2893000,5,14465000,Credit Card,F,27.0,2.0,Regular,2438000
TRX00870,2026-01-08,Surabaya,Smartphone,Smartphone NovaLite,3798000,1,3798000,Credit Card,M,40.0,5.0,Regular,1858000
TRX01240,2026-01-08,Malang,Smartphone,Smartphone MaxEdge,6103000,2,12206000,Cash,M,41.0,5.0,Regular,2979000
TRX01871,2026-01-08,Surabaya,Accessories,Powerbank 10000mAh,475000,1,475000,E-Wallet,F,27.0,5.0,Regular,1220000
TRX00056,2026-01-08,Malang,Smartphone,Smartphone MaxEdge,5410000,2,10820000,Debit Card,M,35.0,5.0,Regular,2084000
TRX02038,2026-01-08,Malang,Accessories,Phone Case,438000,3,1314000,Credit Card,F,44.0,,Regular,1029000
TRX00397,2026-01-09,Bandung,Smartphone,Smartphone Z5,7936000,3,23808000,Credit Card,M,41.0,2.0,Regular,1681000
TRX01781,2026-01-09,Malang,Laptop,Laptop ProBook,5573000,4,22292000,E-Wallet,F,39.0,3.0,Regular,844000
TRX01270,2026-01-09,Surabaya,Smartphone,Smartphone Air,7784000,3,23352000,E-Wallet,F,38.0,4.0,Regular,2458000
TRX01286,2026-01-09,Jakarta,Accessories,Powerbank 10000mAh,278000,3,834000,Debit Card,F,51.0,5.0,Regular,1639000
TRX01526,2026-01-09,Surabaya,Smartphone,Smartphone Air,7320000,1,7320000,Debit Card,M,42.0,,Regular,2210000
TRX01518,2026-01-09,Bandung,Smartphone,Smartphone Air,3534000,4,14136000,Debit Card,F,43.0,,Regular,2738000
TRX00574,2026-01-09,Malang,Laptop,Laptop ProBook,8428000,3,25284000,Credit Card,M,39.0,5.0,Regular,786000
TRX01463,2026-01-09,Jakarta,Home Appliances,Electric Fan,1269000,4,5076000,Debit Card,M,43.0,4.0,Regular,2329000
TRX01110,2026-01-09,Malang,Laptop,Laptop UltraSlim,9054000,3,27162000,Credit Card,F,40.0,4.0,Regular,2214000
TRX01806,2026-01-09,Jakarta,Smartphone,Smartphone Air,4792000,5,23960000,Debit Card,M,34.0,4.0,Regular,1103000
TRX00352,2026-01-09,Jakarta,Laptop,Laptop A14,13759000,2,27518000,Debit Card,M,30.0,3.0,Regular,2452000
TRX00699,2026-01-10,Surabaya,Smartphone,Smartphone MaxEdge,4910000,1,4910000,E-Wallet,F,39.0,5.0,Regular,674000
TRX01464,2026-01-10,Surabaya,Smartphone,Smartphone Z5,6886000,5,34430000,Debit Card,M,31.0,3.0,Regular,1678000
TRX00848,2026-01-10,Bandung,Accessories,Wireless Mouse,412000,4,1648000,Cash,M,40.0,4.0,Regular,910000
TRX00887,2026-01-10,Malang,Laptop,Laptop X1,10001000,4,40004000,Credit Card,F,36.0,5.0,Regular,2371000
TRX00898,2026-01-10,Surabaya,Home Appliances,TV LED 32in,3057000,5,15285000,E-Wallet,M,26.0,2.0,Regular,383000
TRX01267,2026-01-10,Malang,Accessories,Powerbank 10000mAh,336000,2,672000,Debit Card,M,31.0,3.0,Regular,1897000
TRX01983,2026-01-10,Jakarta,Home Appliances,Electric Fan,1938000,5,9690000,Cash,F,30.0,4.0,Regular,2707000
TRX01453,2026-01-10,Jakarta,Smartphone,Smartphone Air,4330000,4,17320000,Debit Card,F,32.0,5.0,Regular,288000
TRX01976,2026-01-10,Bandung,Accessories,Wireless Mouse,146000,5,730000,Credit Card,M,27.0,5.0,Regular,370000
TRX01653,2026-01-10,Jakarta,Laptop,Laptop UltraSlim,7007000,4,28028000,Credit Card,F,33.0,4.0,Regular,1834000
TRX01642,2026-01-10,Jakarta,Laptop,Laptop UltraSlim,6731000,5,33655000,Cash,F,46.0,2.0,Regular,697000
TRX00584,2026-01-10,Malang,Smartphone,Smartphone Air,3689000,5,18445000,Cash,F,38.0,5.0,Regular,991000
TRX00546,2026-01-10,Surabaya,Smartphone,Smartphone MaxEdge,3755000,4,15020000,E-Wallet,M,38.0,5.0,Regular,2095000
TRX00150,2026-01-11,Bandung,Accessories,Phone Case,101000,1,101000,Debit Card,F,,,Regular,891000
TRX01979,2026-01-11,Jakarta,Laptop,Laptop X1,8857000,2,17714000,Debit Card,M,23.0,5.0,Regular,1558000
TRX01026,2026-01-11,Surabaya,Smartphone,Smartphone NovaLite,3656000,2,7312000,E-Wallet,M,31.0,2.0,Regular,2089000
TRX00542,2026-01-11,Malang,Accessories,Phone Case,323000,2,646000,E-Wallet,M,19.0,4.0,Regular,1344000
TRX01615,2026-01-11,Bandung,Smartphone,Smartphone Air,5847000,2,11694000,Cash,M,31.0,4.0,Regular,485000
TRX01801,2026-01-11,Surabaya,Smartphone,Smartphone Air,1567000,2,3134000,Cash,M,39.0,4.0,Regular,972000
TRX00858,2026-01-11,Malang,Laptop,Laptop A14,10199000,4,40796000,Debit Card,F,40.0,5.0,Regular,1595000
TRX01470,2026-01-11,Bandung,Accessories,Powerbank 10000mAh,304000,3,912000,E-Wallet,F,37.0,3.0,Regular,1378000
TRX01411,2026-01-11,Surabaya,Accessories,Wireless Mouse,278000,4,1112000,Debit Card,F,28.0,5.0,Regular,2491000
TRX01021,2026-01-11,Malang,Accessories,Powerbank 10000mAh,199000,3,597000,Debit Card,M,31.0,4.0,Regular,1266000
TRX01136,2026-01-11,Bandung,Smartphone,Smartphone Air,6325000,1,6325000,E-Wallet,F,37.0,4.0,Regular,1105000
TRX01351,2026-01-11,Jakarta,Accessories,Wireless Mouse,448000,1,448000,Credit Card,F,54.0,1.0,Regular,2302000
TRX01889,2026-01-12,Malang,Home Appliances,Rice Cooker,5545000,4,22180000,Cash,F,40.0,4.0,Regular,484000
TRX00619,2026-01-12,Jakarta,Accessories,Powerbank 10000mAh,173000,3,519000,E-Wallet,F,26.0,4.0,Regular,614000
TRX02002,2026-01-12,Malang,Accessories,Bluetooth Earphones,312000,2,624000,Debit Card,M,30.0,5.0,Regular,1748000
TRX01456,2026-01-12,Jakarta,Smartphone,Smartphone Air,2894000,5,14470000,Debit Card,F,33.0,,Regular,356000
TRX02129,2026-01-12,Jakarta,Home Appliances,TV LED 32in,3611000,3,10833000,E-Wallet,M,27.0,,Regular,911000
TRX00279,2026-01-12,Jakarta,Accessories,Phone Case,197000,3,591000,E-Wallet,M,42.0,4.0,Regular,2805000
TRX00036,2026-01-12,Surabaya,Smartphone,Smartphone Z5,3441000,5,17205000,Debit Card,M,32.0,5.0,Regular,2708000
TRX01953,2026-01-13,Jakarta,Smartphone,Smartphone Z5,4653000,5,23265000,E-Wallet,M,31.0,4.0,Regular,2938000
TRX00899,2026-01-13,Jakarta,Laptop,Laptop A14,10970000,2,21940000,Credit Card,M,36.0,3.0,Regular,1485000
TRX00045,2026-01-13,Surabaya,Smartphone,Smartphone Air,6776000,5,33880000,Cash,M,39.0,5.0,Regular,571000
TRX00518,2026-01-13,Surabaya,Smartphone,Smartphone MaxEdge,1810000,2,3620000,E-Wallet,F,35.0,2.0,Regular,2394000
TRX01834,2026-01-13,Bandung,Smartphone,Smartphone Z5,6817000,3,20451000,Debit Card,F,,4.0,Regular,1907000
TRX00387,2026-01-13,Bandung,Smartphone,Smartphone Air,7753000,4,31012000,Debit Card,F,22.0,4.0,Regular,1781000
TRX01035,2026-01-13,Surabaya,Accessories,Powerbank 10000mAh,126000,3,378000,Debit Card,M,36.0,5.0,Regular,693000
TRX01362,2026-01-13,Jakarta,Home Appliances,Rice Cooker,5597000,2,11194000,Debit Card,F,31.0,5.0,Regular,802000
TRX01769,2026-01-13,Bandung,Smartphone,Smartphone NovaLite,7586000,3,22758000,Credit Card,F,,4.0,Regular,1002000
TRX01022,2026-01-14,Malang,Smartphone,Smartphone Z5,7547000,5,37735000,Debit Card,F,54.0,4.0,Regular,235000
TRX00069,2026-01-14,Jakarta,Laptop,Laptop A14,7641000,1,7641000,Debit Card,M,24.0,4.0,Regular,2026000
TRX01215,2026-01-14,Surabaya,Laptop,Laptop A14,10690000,3,32070000,Cash,M,,4.0,Regular,1549000
TRX00659,2026-01-14,Bandung,Laptop,Laptop X1,8108000,4,32432000,Debit Card,M,,2.0,Regular,2907000
TRX01911,2026-01-14,Malang,Smartphone,Smartphone Air,1933000,1,1933000,Credit Card,F,26.0,4.0,Regular,2022000
TRX01055,2026-01-14,Jakarta,Home Appliances,Rice Cooker,3878000,1,3878000,E-Wallet,F,38.0,5.0,Regular,1310000
TRX01253,2026-01-14,Malang,Laptop,Laptop A14,6232000,3,18696000,Debit Card,F,27.0,4.0,Regular,2843000
TRX02025,2026-01-14,Malang,Laptop,Laptop X1,5174000,3,15522000,Debit Card,F,,4.0,Regular,1676000
TRX00439,2026-01-15,Jakarta,Accessories,Powerbank 10000mAh,390000,3,1170000,Debit Card,F,21.0,4.0,Regular,1737000
TRX01361,2026-01-15,Bandung,Accessories,Phone Case,396000,5,1980000,Debit Card,M,18.0,,Regular,2275000
TRX01027,2026-01-15,Surabaya,Laptop,Laptop A14,9974000,1,9974000,E-Wallet,M,29.0,4.0,Regular,2960000
TRX00280,2026-01-15,Surabaya,Laptop,Laptop UltraSlim,8492000,1,8492000,Debit Card,M,37.0,,Regular,1394000
TRX00127,2026-01-15,Surabaya,Laptop,Laptop A14,10975000,2,21950000,Debit Card,M,23.0,4.0,Regular,1329000
TRX00217,2026-01-15,Surabaya,Accessories,Wireless Mouse,387000,4,1548000,Credit Card,F,,5.0,Regular,985000
TRX01096,2026-01-15,Jakarta,Smartphone,Smartphone NovaLite,6030000,2,12060000,Cash,M,31.0,4.0,Regular,2786000
TRX01571,2026-01-15,Jakarta,Smartphone,Smartphone Air,1583000,2,3166000,E-Wallet,M,43.0,4.0,Regular,2397000
TRX01851,2026-01-15,Malang,Accessories,Wireless Mouse,136000,2,272000,Debit Card,F,38.0,5.0,Regular,2188000
TRX01588,2026-01-15,Jakarta,Accessories,Phone Case,130000,3,390000,Debit Card,F,21.0,4.0,Regular,585000
TRX01328,2026-01-16,Jakarta,Smartphone,Smartphone Z5,3540000,1,3540000,E-Wallet,F,43.0,4.0,Regular,2764000
TRX01256,2026-01-16,Jakarta,Accessories,Wireless Mouse,386000,1,386000,Cash,M,18.0,4.0,Regular,2078000
TRX01122,2026-01-16,Surabaya,Laptop,Laptop UltraSlim,10011000,2,20022000,Debit Card,F,49.0,4.0,Regular,2803000
TRX00196,2026-01-16,Surabaya,Accessories,Wireless Mouse,223000,3,669000,Debit Card,M,28.0,4.0,Regular,2224000
TRX00246,2026-01-16,Jakarta,Smartphone,Smartphone NovaLite,1904000,4,7616000,Debit Card,M,,4.0,Regular,1791000
TRX00431,2026-01-16,Surabaya,Home Appliances,Electric Fan,3645000,2,7290000,Cash,M,23.0,4.0,Regular,1400000
TRX00678,2026-01-16,Surabaya,Laptop,Laptop UltraSlim,7049000,2,14098000,E-Wallet,M,38.0,4.0,Regular,964000
TRX00007,2026-01-16,Malang,Laptop,Laptop UltraSlim,5010000,1,5010000,Credit Card,F,38.0,4.0,Regular,1880000
TRX00881,2026-01-16,Bandung,Accessories,Powerbank 10000mAh,445000,3,1335000,Credit Card,F,36.0,2.0,Regular,583000
TRX00728,2026-01-16,Surabaya,Accessories,Phone Case,484000,1,484000,Credit Card,M,19.0,4.0,Regular,1388000
TRX00753,2026-01-16,Surabaya,Smartphone,Smartphone MaxEdge,2224000,3,6672000,Credit Card,F,41.0,4.0,Regular,211000
TRX00910,2026-01-17,Jakarta,Laptop,Laptop ProBook,13374000,3,40122000,Cash,F,18.0,2.0,Regular,2299000
TRX00581,2026-01-17,Jakarta,Accessories,Bluetooth Earphones,470000,1,470000,Debit Card,F,28.0,5.0,Regular,1232000
TRX00695,2026-01-17,Bandung,Laptop,Laptop ProBook,8321000,4,33284000,E-Wallet,M,35.0,,Regular,2894000
TRX02082,2026-01-17,Malang,Accessories,Phone Case,426000,4,1704000,Debit Card,M,27.0,5.0,Regular,2841000
TRX01543,2026-01-17,Surabaya,Smartphone,Smartphone MaxEdge,1676000,3,5028000,Debit Card,M,36.0,3.0,Regular,1657000
TRX01721,2026-01-17,Malang,Home Appliances,Rice Cooker,1572000,3,4716000,Credit Card,F,,5.0,Regular,603000
TRX02033,2026-01-17,Malang,Laptop,Laptop ProBook,5933000,4,23732000,Credit Card,F,26.0,,Regular,470000
TRX01931,2026-01-17,Jakarta,Accessories,Wireless Mouse,413000,2,826000,Cash,F,52.0,5.0,Regular,2211000
TRX00133,2026-01-17,Malang,Home Appliances,Electric Fan,1471000,5,7355000,Credit Card,M,46.0,4.0,Regular,776000
TRX01531,2026-01-17,Malang,Smartphone,Smartphone NovaLite,5874000,2,11748000,E-Wallet,M,37.0,4.0,Regular,1000000
TRX01809,2026-01-17,Bandung,Smartphone,Smartphone NovaLite,5764000,3,17292000,Credit Card,M,35.0,,Regular,957000
TRX00359,2026-01-17,Bandung,Home Appliances,Rice Cooker,1163000,3,3489000,Debit Card,M,24.0,4.0,Regular,1620000
TRX01633,2026-01-17,Surabaya,Accessories,Wireless Mouse,74000,5,370000,Credit Card,M,36.0,4.0,Regular,1812000
TRX00826,2026-01-17,Malang,Laptop,Laptop X1,9029000,2,18058000,Cash,F,18.0,2.0,Regular,2097000
TRX00033,2026-01-17,Malang,Laptop,Laptop UltraSlim,11160000,3,33480000,Cash,M,37.0,5.0,Regular,2121000
TRX00951,2026-01-17,Bandung,Smartphone,Smartphone MaxEdge,5253000,4,21012000,Debit Card,F,,4.0,Regular,1859000
TRX00172,2026-01-17,Surabaya,Smartphone,Smartphone Z5,3091000,5,15455000,Debit Card,M,31.0,4.0,Regular,208000
TRX00001,2026-01-17,Malang,Home Appliances,Rice Cooker,1690000,4,6760000,Debit Card,M,,4.0,Regular,2650000
TRX00010,2026-01-18,Malang,Laptop,Laptop X1,6492000,4,25968000,E-Wallet,F,54.0,3.0,Regular,689000
TRX00376,2026-01-18,Surabaya,Home Appliances,Electric Fan,5155000,1,5155000,E-Wallet,F,46.0,,Regular,493000
TRX00218,2026-01-18,Malang,Laptop,Laptop UltraSlim,12511000,1,12511000,Debit Card,M,40.0,4.0,Regular,1135000
TRX00700,2026-01-18,Jakarta,Laptop,Laptop A14,10570000,3,31710000,Debit Card,F,40.0,5.0,Regular,1643000
TRX00674,2026-01-18,Bandung,Laptop,Laptop X1,12876000,3,38628000,E-Wallet,M,21.0,3.0,Regular,1975000
TRX00243,2026-01-18,Surabaya,Home Appliances,Rice Cooker,4089000,2,8178000,Debit Card,F,54.0,4.0,Regular,707000
TRX00588,2026-01-18,Surabaya,Accessories,Bluetooth Earphones,140000,5,700000,E-Wallet,F,26.0,4.0,Regular,2534000
TRX00791,2026-01-18,Malang,Laptop,Laptop ProBook,14488000,1,14488000,Debit Card,F,43.0,5.0,Regular,472000
TRX01690,2026-01-18,Surabaya,Laptop,Laptop UltraSlim,10088000,2,20176000,E-Wallet,F,39.0,3.0,Regular,1640000
TRX00977,2026-01-18,Bandung,Smartphone,Smartphone Air,2198000,2,4396000,Credit Card,F,34.0,4.0,Regular,630000
TRX01842,2026-01-18,Malang,Smartphone,Smartphone MaxEdge,7217000,3,21651000,Credit Card,F,47.0,4.0,Regular,899000
TRX00087,2026-01-18,Surabaya,Smartphone,Smartphone Air,3660000,3,10980000,Cash,F,23.0,,Regular,1009000
TRX01788,2026-01-18,Bandung,Smartphone,Smartphone Air,6235000,2,12470000,Debit Card,M,26.0,4.0,Regular,2851000
TRX00258,2026-01-19,Surabaya,Home Appliances,2-Door Refrigerator,4387000,3,13161000,Debit Card,M,19.0,4.0,Regular,930000
TRX01359,2026-01-19,Malang,Smartphone,Smartphone MaxEdge,2318000,4,9272000,E-Wallet,M,34.0,5.0,Regular,2802000
TRX01450,2026-01-19,Malang,Laptop,Laptop UltraSlim,12702000,1,12702000,E-Wallet,M,39.0,3.0,Regular,1050000
TRX01880,2026-01-19,Bandung,Smartphone,Smartphone MaxEdge,7198000,5,35990000,Credit Card,M,40.0,5.0,Regular,1823000
TRX00580,2026-01-19,Surabaya,Smartphone,Smartphone Air,7130000,3,21390000,Cash,F,27.0,3.0,Regular,1298000
TRX01436,2026-01-19,Surabaya,Accessories,Powerbank 10000mAh,218000,5,1090000,Debit Card,F,35.0,5.0,Regular,488000
TRX01289,2026-01-19,Jakarta,Accessories,Bluetooth Earphones,204000,4,816000,E-Wallet,F,30.0,2.0,Regular,2416000
TRX00891,2026-01-19,Malang,Laptop,Laptop X1,11920000,2,23840000,E-Wallet,M,25.0,5.0,Regular,1901000
TRX01738,2026-01-19,Malang,Laptop,Laptop A14,11156000,1,11156000,Credit Card,F,42.0,4.0,Regular,1000000
TRX01730,2026-01-19,Jakarta,Laptop,Laptop UltraSlim,5137000,1,5137000,Cash,M,26.0,4.0,Regular,2129000
TRX00171,2026-01-20,Bandung,Smartphone,Smartphone MaxEdge,3168000,3,9504000,Debit Card,M,49.0,5.0,Regular,551000
TRX00322,2026-01-20,Surabaya,Smartphone,Smartphone MaxEdge,7899000,1,7899000,E-Wallet,M,27.0,5.0,Regular,2960000
TRX00583,2026-01-20,Jakarta,Accessories,Bluetooth Earphones,152000,4,608000,E-Wallet,M,33.0,4.0,Regular,681000
TRX00516,2026-01-20,Malang,Smartphone,Smartphone Z5,6530000,2,13060000,Debit Card,M,30.0,5.0,Regular,2133000
TRX00310,2026-01-20,Jakarta,Laptop,Laptop A14,6668000,2,13336000,Debit Card,F,22.0,,Regular,2360000
TRX00480,2026-01-20,Bandung,Home Appliances,TV LED 32in,3592000,1,3592000,Debit Card,M,36.0,,Regular,361000
TRX01166,2026-01-20,Malang,Laptop,Laptop ProBook,8452000,5,42260000,Debit Card,M,48.0,5.0,Regular,507000
TRX00818,2026-01-20,Jakarta,Home Appliances,2-Door Refrigerator,3153000,2,6306000,Debit Card,M,43.0,5.0,Regular,2709000
TRX01855,2026-01-20,Surabaya,Laptop,Laptop X1,8325000,1,8325000,Cash,M,36.0,2.0,Regular,2218000
TRX00460,2026-01-20,Bandung,Laptop,Laptop A14,10693000,4,42772000,Credit Card,F,,5.0,Regular,1007000
TRX01827,2026-01-20,Jakarta,Smartphone,Smartphone MaxEdge,5564000,5,27820000,Debit Card,F,32.0,4.0,Regular,2388000
TRX01227,2026-01-20,Malang,Accessories,Bluetooth Earphones,459000,1,459000,Debit Card,F,43.0,5.0,Regular,2727000
TRX02177,2026-01-20,Surabaya,Laptop,Laptop ProBook,12704000,4,50816000,E-Wallet,M,43.0,5.0,Regular,1389000
TRX01272,2026-01-20,Surabaya,Home Appliances,TV LED 32in,2943000,1,2943000,E-Wallet,M,49.0,2.0,Regular,1396000
TRX01538,2026-01-21,Malang,Laptop,Laptop UltraSlim,14517000,2,29034000,E-Wallet,M,34.0,4.0,Regular,1064000
TRX00120,2026-01-21,Malang,Home Appliances,2-Door Refrigerator,1108000,4,4432000,E-Wallet,F,32.0,,Regular,443000
TRX01216,2026-01-21,Malang,Smartphone,Smartphone MaxEdge,5163000,3,15489000,E-Wallet,M,25.0,2.0,Regular,784000
TRX01579,2026-01-21,Jakarta,Smartphone,Smartphone Z5,7664000,5,38320000,Cash,F,37.0,4.0,Regular,1401000
TRX01489,2026-01-21,Surabaya,Laptop,Laptop A14,6201000,3,18603000,Debit Card,F,30.0,5.0,Regular,874000
TRX01466,2026-01-21,Surabaya,Smartphone,Smartphone Z5,6889000,1,6889000,Cash,F,33.0,4.0,Regular,2283000
TRX00808,2026-01-21,Malang,Accessories,Bluetooth Earphones,441000,5,2205000,E-Wallet,F,32.0,2.0,Regular,691000
TRX01020,2026-01-21,Malang,Smartphone,Smartphone Z5,5481000,2,10962000,E-Wallet,F,52.0,4.0,Regular,1754000
TRX01484,2026-01-21,Malang,Smartphone,Smartphone Air,4332000,2,8664000,Credit Card,F,33.0,4.0,Regular,716000
TRX01321,2026-01-21,Malang,Laptop,Laptop UltraSlim,9461000,2,18922000,E-Wallet,F,23.0,4.0,Regular,2385000
TRX00538,2026-01-21,Bandung,Laptop,Laptop ProBook,8919000,4,35676000,E-Wallet,F,38.0,4.0,Regular,2980000
TRX01816,2026-01-21,Malang,Home Appliances,Electric Fan,3737000,2,7474000,E-Wallet,M,26.0,5.0,Regular,212000
TRX00365,2026-01-21,Jakarta,Laptop,Laptop X1,5294000,1,5294000,Debit Card,M,40.0,2.0,Regular,1207000
TRX00873,2026-01-21,Jakarta,Home Appliances,2-Door Refrigerator,1468000,5,7340000,Debit Card,F,,4.0,Regular,423000
TRX01867,2026-01-21,Surabaya,Smartphone,Smartphone Air,2897000,2,5794000,Cash,M,50.0,4.0,Regular,1324000
TRX00501,2026-01-21,Bandung,Laptop,Laptop A14,9483000,1,9483000,Debit Card,F,18.0,3.0,Regular,1869000
TRX00778,2026-01-22,Surabaya,Smartphone,Smartphone Z5,1911000,3,5733000,Credit Card,F,49.0,4.0,Regular,2446000
TRX00726,2026-01-22,Malang,Home Appliances,Electric Fan,995000,4,3980000,Debit Card,M,26.0,5.0,Regular,2748000
TRX01946,2026-01-22,Bandung,Accessories,Wireless Mouse,130000,5,650000,Debit Card,F,29.0,4.0,Regular,2793000
TRX00313,2026-01-22,Jakarta,Accessories,Powerbank 10000mAh,489000,4,1956000,Cash,F,28.0,4.0,Regular,353000
TRX01876,2026-01-22,Jakarta,Laptop,Laptop X1,7210000,3,21630000,E-Wallet,M,30.0,,Regular,536000
TRX00198,2026-01-22,Malang,Accessories,Wireless Mouse,391000,2,782000,Credit Card,M,46.0,5.0,Regular,1829000
TRX01157,2026-01-22,Bandung,Laptop,Laptop A14,7431000,3,22293000,E-Wallet,M,18.0,4.0,Regular,2389000
TRX00724,2026-01-22,Jakarta,Home Appliances,Electric Fan,2230000,5,11150000,Debit Card,M,42.0,,Regular,1323000
TRX00497,2026-01-22,Malang,Accessories,Bluetooth Earphones,295000,3,885000,Cash,F,27.0,5.0,Regular,2521000
TRX01619,2026-01-22,Malang,Home Appliances,Rice Cooker,4408000,5,22040000,Debit Card,M,45.0,4.0,Regular,1911000
TRX01050,2026-01-22,Malang,Accessories,Wireless Mouse,466000,5,2330000,Debit Card,M,30.0,3.0,Regular,2718000
TRX00863,2026-01-22,Surabaya,Home Appliances,2-Door Refrigerator,1538000,1,1538000,E-Wallet,F,18.0,2.0,Regular,506000
TRX01343,2026-01-22,Malang,Smartphone,Smartphone NovaLite,7244000,3,21732000,E-Wallet,M,44.0,2.0,Regular,1771000
TRX00946,2026-01-22,Malang,Smartphone,Smartphone Z5,6970000,5,34850000,Debit Card,M,35.0,,Regular,2037000
TRX01605,2026-01-23,Jakarta,Accessories,Bluetooth Earphones,371000,3,1113000,Credit Card,M,39.0,5.0,Regular,837000
TRX01630,2026-01-23,Bandung,Smartphone,Smartphone NovaLite,4147000,1,4147000,E-Wallet,M,43.0,5.0,Regular,2122000
TRX00436,2026-01-23,Surabaya,Home Appliances,TV LED 32in,920000,1,920000,Debit Card,M,37.0,5.0,Regular,2461000
TRX00418,2026-01-23,Bandung,Accessories,Bluetooth Earphones,143000,2,286000,E-Wallet,F,21.0,5.0,Regular,509000
TRX00386,2026-01-23,Malang,Laptop,Laptop UltraSlim,7636000,2,15272000,Debit Card,F,30.0,3.0,Regular,1564000
TRX00783,2026-01-23,Surabaya,Accessories,Bluetooth Earphones,458000,3,1374000,Cash,M,42.0,,Regular,864000
TRX01610,2026-01-23,Jakarta,Laptop,Laptop A14,9910000,4,39640000,Credit Card,M,30.0,5.0,Regular,1975000
TRX02080,2026-01-23,Surabaya,Accessories,Wireless Mouse,107000,1,107000,E-Wallet,F,34.0,,Regular,936000
TRX00784,2026-01-23,Jakarta,Smartphone,Smartphone MaxEdge,5447000,5,27235000,Credit Card,M,27.0,5.0,Regular,1976000
TRX00874,2026-01-23,Surabaya,Smartphone,Smartphone Air,2095000,2,4190000,Debit Card,M,,4.0,Regular,2352000
TRX00157,2026-01-23,Jakarta,Home Appliances,TV LED 32in,5838000,2,11676000,E-Wallet,M,44.0,3.0,Regular,1159000
TRX01928,2026-01-23,Bandung,Laptop,Laptop X1,8012000,2,16024000,Cash,M,,4.0,Regular,1774000
TRX01238,2026-01-23,Surabaya,Home Appliances,TV LED 32in,4205000,3,12615000,E-Wallet,M,40.0,4.0,Regular,1037000
TRX01926,2026-01-24,Malang,Smartphone,Smartphone Z5,3769000,4,15076000,Debit Card,M,27.0,4.0,Regular,583000
TRX00018,2026-01-24,Jakarta,Laptop,Laptop UltraSlim,12108000,1,12108000,Debit Card,M,29.0,4.0,Regular,835000
TRX00074,2026-01-24,Jakarta,Laptop,Laptop A14,6602000,2,13204000,Debit Card,F,33.0,,Regular,2517000
TRX00670,2026-01-24,Jakarta,Laptop,Laptop ProBook,6226000,5,31130000,E-Wallet,F,40.0,3.0,Regular,2625000
TRX00759,2026-01-24,Malang,Smartphone,Smartphone NovaLite,7104000,1,7104000,Debit Card,M,31.0,4.0,Regular,915000
TRX01776,2026-01-24,Malang,Laptop,Laptop A14,14361000,2,28722000,E-Wallet,M,,,Regular,947000
TRX01005,2026-01-24,Jakarta,Laptop,Laptop ProBook,6577000,4,26308000,Debit Card,M,31.0,4.0,Regular,2986000
TRX02006,2026-01-24,Jakarta,Accessories,Phone Case,414000,4,1656000,E-Wallet,F,27.0,3.0,Regular,403000
TRX01805,2026-01-24,Surabaya,Accessories,Bluetooth Earphones,58000,2,116000,Credit Card,M,18.0,3.0,Regular,962000
TRX00945,2026-01-24,Bandung,Accessories,Wireless Mouse,213000,3,639000,E-Wallet,M,28.0,5.0,Regular,2895000
TRX02085,2026-01-24,Malang,Laptop,Laptop UltraSlim,12926000,4,51704000,Debit Card,M,22.0,4.0,Regular,2392000
TRX00705,2026-01-24,Jakarta,Smartphone,Smartphone NovaLite,3836000,5,19180000,Cash,M,25.0,4.0,Regular,2610000
TRX02104,2026-01-24,Jakarta,Laptop,Laptop UltraSlim,9595000,3,28785000,E-Wallet,F,27.0,3.0,Regular,2592000
TRX00443,2026-01-24,Surabaya,Home Appliances,TV LED 32in,1116000,4,4464000,E-Wallet,F,28.0,5.0,Regular,2951000
TRX00434,2026-01-24,Jakarta,Smartphone,Smartphone NovaLite,5952000,2,11904000,Debit Card,F,40.0,4.0,Regular,2254000
TRX00221,2026-01-24,Surabaya,Smartphone,Smartphone Air,6103000,2,12206000,E-Wallet,M,38.0,4.0,Regular,1271000
TRX01645,2026-01-24,Surabaya,Smartphone,Smartphone Air,6972000,4,27888000,Debit Card,M,59.0,2.0,Regular,2042000
TRX00414,2026-01-24,Jakarta,Accessories,Bluetooth Earphones,216000,2,432000,Debit Card,M,18.0,4.0,Regular,2891000
TRX00604,2026-01-25,Jakarta,Smartphone,Smartphone NovaLite,4922000,3,14766000,E-Wallet,M,18.0,5.0,Regular,902000
TRX01836,2026-01-25,Surabaya,Smartphone,Smartphone Air,4322000,4,17288000,Debit Card,M,35.0,5.0,Regular,2655000
TRX01342,2026-01-25,Malang,Laptop,Laptop X1,8393000,2,16786000,E-Wallet,M,,4.0,Regular,1876000
TRX00823,2026-01-25,Surabaya,Home Appliances,2-Door Refrigerator,5279000,4,21116000,Debit Card,F,20.0,4.0,Regular,2580000
TRX01819,2026-01-25,Malang,Laptop,Laptop A14,14559000,3,43677000,Cash,M,,5.0,Regular,1427000
TRX00948,2026-01-25,Surabaya,Laptop,Laptop UltraSlim,13197000,2,26394000,Credit Card,M,37.0,,Regular,777000
TRX01358,2026-01-25,Malang,Laptop,Laptop ProBook,13934000,4,55736000,Debit Card,M,18.0,5.0,Regular,570000
TRX00682,2026-01-25,Jakarta,Smartphone,Smartphone NovaLite,3680000,2,7360000,Cash,F,26.0,3.0,Regular,2934000
TRX01895,2026-01-25,Surabaya,Home Appliances,2-Door Refrigerator,5615000,4,22460000,Credit Card,F,49.0,4.0,Regular,2980000
TRX00241,2026-01-26,Malang,Home Appliances,Electric Fan,4259000,4,17036000,Debit Card,M,34.0,5.0,Regular,1493000
TRX00462,2026-01-26,Jakarta,Smartphone,Smartphone MaxEdge,2186000,3,6558000,Cash,M,52.0,5.0,Regular,1363000
TRX00118,2026-01-26,Surabaya,Accessories,Phone Case,83000,5,415000,Debit Card,F,,1.0,Regular,1492000
TRX00100,2026-01-26,Jakarta,Accessories,Wireless Mouse,379000,5,1895000,Debit Card,F,24.0,4.0,Regular,992000
TRX00329,2026-01-26,Jakarta,Accessories,Wireless Mouse,223000,1,223000,Credit Card,M,26.0,5.0,Regular,823000
TRX01090,2026-01-26,Bandung,Smartphone,Smartphone NovaLite,3279000,5,16395000,E-Wallet,F,45.0,4.0,Regular,2240000
TRX02108,2026-01-26,Malang,Laptop,Laptop A14,6651000,2,13302000,E-Wallet,F,44.0,2.0,Regular,2499000
TRX00620,2026-01-26,Jakarta,Smartphone,Smartphone MaxEdge,2247000,1,2247000,Debit Card,M,26.0,3.0,Regular,258000
TRX01187,2026-01-26,Bandung,Accessories,Phone Case,451000,4,1804000,E-Wallet,M,,5.0,Regular,1683000
TRX00721,2026-01-26,Bandung,Laptop,Laptop X1,12040000,3,36120000,E-Wallet,F,25.0,1.0,Regular,366000
TRX01528,2026-01-26,Surabaya,Smartphone,Smartphone NovaLite,6674000,1,6674000,Cash,F,39.0,3.0,Regular,1114000
TRX00834,2026-01-26,Jakarta,Smartphone,Smartphone Air,7499000,5,37495000,E-Wallet,M,28.0,4.0,Regular,1577000
TRX00306,2026-01-26,Malang,Laptop,Laptop ProBook,10022000,3,30066000,Debit Card,M,29.0,4.0,Regular,2251000
TRX00769,2026-01-26,Surabaya,Home Appliances,Electric Fan,1139000,4,4556000,E-Wallet,M,30.0,3.0,Regular,1175000
TRX01445,2026-01-26,Surabaya,Laptop,Laptop ProBook,5551000,1,5551000,Debit Card,F,36.0,5.0,Regular,2364000
TRX01963,2026-01-26,Malang,Laptop,Laptop A14,5040000,3,15120000,Credit Card,M,18.0,3.0,Regular,535000
TRX00408,2026-01-27,Surabaya,Accessories,Wireless Mouse,352000,2,704000,E-Wallet,F,39.0,3.0,Regular,1300000
TRX00457,2026-01-27,Bandung,Smartphone,Smartphone NovaLite,1912000,5,9560000,Debit Card,F,24.0,3.0,Regular,2809000
TRX00256,2026-01-27,Malang,Accessories,Phone Case,59000,3,177000,Debit Card,F,40.0,5.0,Regular,2019000
TRX01935,2026-01-27,Bandung,Accessories,Wireless Mouse,468000,4,1872000,Debit Card,F,34.0,,Regular,308000
TRX00522,2026-01-27,Surabaya,Accessories,Wireless Mouse,232000,4,928000,E-Wallet,M,32.0,4.0,Regular,814000
TRX00938,2026-01-27,Malang,Home Appliances,2-Door Refrigerator,1535000,1,1535000,E-Wallet,M,33.0,5.0,Regular,2188000
TRX01612,2026-01-27,Malang,Smartphone,Smartphone Air,4253000,5,21265000,Debit Card,F,39.0,5.0,Regular,2348000
TRX01607,2026-01-27,Bandung,Home Appliances,TV LED 32in,5729000,4,22916000,E-Wallet,F,18.0,5.0,Regular,2445000
TRX00975,2026-01-27,Surabaya,Laptop,Laptop X1,10107000,3,30321000,Credit Card,M,23.0,2.0,Regular,336000
TRX01063,2026-01-27,Surabaya,Accessories,Bluetooth Earphones,426000,2,852000,Debit Card,F,24.0,4.0,Regular,2653000
TRX00528,2026-01-27,Malang,Smartphone,Smartphone Z5,3642000,3,10926000,E-Wallet,F,26.0,4.0,Regular,2085000
TRX00924,2026-01-27,Malang,Laptop,Laptop UltraSlim,9278000,4,37112000,Debit Card,M,49.0,5.0,Regular,1850000
TRX00752,2026-01-27,Bandung,Accessories,Phone Case,376000,5,1880000,Credit Card,M,20.0,4.0,Regular,939000
TRX01575,2026-01-27,Surabaya,Smartphone,Smartphone Air,3613000,4,14452000,Debit Card,F,28.0,5.0,Regular,1546000
TRX01046,2026-01-28,Bandung,Home Appliances,Electric Fan,3130000,4,12520000,Debit Card,F,18.0,5.0,Regular,2440000
TRX00357,2026-01-28,Malang,Laptop,Laptop UltraSlim,6857000,1,6857000,Credit Card,M,26.0,2.0,Regular,2141000
TRX00182,2026-01-28,Surabaya,Accessories,Bluetooth Earphones,421000,3,1263000,Credit Card,M,26.0,5.0,Regular,2681000
TRX01481,2026-01-28,Malang,Smartphone,Smartphone NovaLite,2111000,5,10555000,Credit Card,M,56.0,,Regular,1238000
TRX01970,2026-01-28,Surabaya,Smartphone,Smartphone Z5,4258000,1,4258000,Debit Card,F,,3.0,Regular,2222000
TRX00536,2026-01-28,Surabaya,Smartphone,Smartphone Air,1557000,1,1557000,Cash,F,44.0,4.0,Regular,2149000
TRX01537,2026-01-28,Surabaya,Laptop,Laptop UltraSlim,10649000,4,42596000,Cash,F,46.0,,Regular,1217000
TRX00058,2026-01-28,Malang,Smartphone,Smartphone Z5,2507000,1,2507000,E-Wallet,M,18.0,4.0,Regular,694000
TRX01104,2026-01-28,Malang,Smartphone,Smartphone Z5,3418000,2,6836000,Cash,M,32.0,5.0,Regular,470000
TRX01524,2026-01-28,Bandung,Accessories,Powerbank 10000mAh,185000,1,185000,Cash,M,26.0,4.0,Regular,553000
TRX01229,2026-01-28,Surabaya,Laptop,Laptop X1,14842000,5,74210000,E-Wallet,M,22.0,4.0,Regular,634000
TRX02008,2026-01-28,Jakarta,Smartphone,Smartphone MaxEdge,5840000,1,5840000,Credit Card,F,27.0,3.0,Regular,2670000
TRX01677,2026-01-28,Jakarta,Smartphone,Smartphone NovaLite,6318000,2,12636000,Debit Card,M,29.0,5.0,Regular,1785000
TRX00390,2026-01-28,Surabaya,Smartphone,Smartphone MaxEdge,7856000,2,15712000,E-Wallet,F,27.0,4.0,Regular,2304000
TRX01698,2026-01-28,Surabaya,Smartphone,Smartphone MaxEdge,5599000,5,27995000,Credit Card,F,22.0,5.0,Regular,2150000
TRX02013,2026-01-28,Jakarta,Smartphone,Smartphone MaxEdge,4817000,1,4817000,Credit Card,F,18.0,2.0,Regular,2216000
TRX02063,2026-01-28,Malang,Laptop,Laptop ProBook,5930000,1,5930000,Credit Card,F,48.0,,Regular,730000
TRX00961,2026-01-28,Bandung,Home Appliances,Rice Cooker,4436000,3,13308000,E-Wallet,M,33.0,4.0,Regular,1103000
TRX00273,2026-01-28,Surabaya,Smartphone,Smartphone Z5,6171000,4,24684000,E-Wallet,M,32.0,,Regular,2811000
TRX01947,2026-01-29,Surabaya,Smartphone,Smartphone Z5,2692000,2,5384000,Credit Card,F,24.0,5.0,Regular,1052000
TRX00937,2026-01-29,Bandung,Smartphone,Smartphone Z5,7859000,2,15718000,Debit Card,M,38.0,5.0,Regular,1639000
TRX01655,2026-01-29,Bandung,Laptop,Laptop UltraSlim,8302000,4,33208000,Credit Card,M,31.0,4.0,Regular,481000
TRX00884,2026-01-29,Malang,Smartphone,Smartphone MaxEdge,2096000,2,4192000,Debit Card,M,34.0,2.0,Regular,2616000
TRX01406,2026-01-29,Malang,Smartphone,Smartphone MaxEdge,4947000,2,9894000,Debit Card,F,40.0,4.0,Regular,2768000
TRX00847,2026-01-29,Malang,Laptop,Laptop X1,13477000,3,40431000,Credit Card,F,43.0,5.0,Regular,999000
TRX01695,2026-01-29,Jakarta,Smartphone,Smartphone Z5,3641000,5,18205000,Debit Card,F,39.0,5.0,Regular,1128000
TRX00750,2026-01-29,Jakarta,Accessories,Bluetooth Earphones,401000,3,1203000,Cash,M,29.0,4.0,Regular,1619000
TRX00533,2026-01-29,Jakarta,Smartphone,Smartphone MaxEdge,5379000,5,26895000,Debit Card,M,39.0,5.0,Regular,289000
TRX00041,2026-01-30,Surabaya,Smartphone,Smartphone MaxEdge,7420000,2,14840000,Debit Card,F,42.0,4.0,Regular,1357000
TRX01936,2026-01-30,Jakarta,Accessories,Wireless Mouse,425000,1,425000,E-Wallet,M,30.0,4.0,Regular,1618000
TRX00287,2026-01-30,Jakarta,Smartphone,Smartphone Air,6962000,2,13924000,Cash,F,45.0,4.0,Regular,609000
TRX01908,2026-01-30,Malang,Home Appliances,TV LED 32in,1536000,2,3072000,Debit Card,F,32.0,4.0,Regular,2604000
TRX01487,2026-01-30,Surabaya,Smartphone,Smartphone Z5,5890000,5,29450000,E-Wallet,F,28.0,4.0,Regular,1891000
TRX00623,2026-01-30,Jakarta,Smartphone,Smartphone NovaLite,5753000,1,5753000,Cash,M,22.0,2.0,Regular,1754000
TRX01778,2026-01-30,Surabaya,Laptop,Laptop UltraSlim,11950000,1,11950000,Cash,F,44.0,4.0,Regular,863000
TRX00532,2026-01-30,Bandung,Accessories,Powerbank 10000mAh,372000,5,1860000,E-Wallet,F,30.0,4.0,Regular,1988000
TRX00178,2026-01-30,Malang,Home Appliances,Rice Cooker,5785000,3,17355000,Cash,F,30.0,4.0,Regular,2674000
TRX01637,2026-01-30,Malang,Smartphone,Smartphone MaxEdge,4343000,4,17372000,Credit Card,M,39.0,3.0,Regular,1653000
TRX00083,2026-01-30,Malang,Home Appliances,Electric Fan,1944000,2,3888000,E-Wallet,M,38.0,,Regular,2382000
TRX01556,2026-01-30,Bandung,Home Appliances,TV LED 32in,2126000,2,4252000,E-Wallet,F,46.0,3.0,Regular,1427000
TRX01854,2026-01-30,Bandung,Laptop,Laptop X1,14491000,4,57964000,Credit Card,F,,3.0,Regular,712000
TRX01076,2026-01-30,Surabaya,Laptop,Laptop ProBook,7906000,1,7906000,Credit Card,M,,5.0,Regular,1104000
TRX01941,2026-01-30,Surabaya,Laptop,Laptop A14,12662000,3,37986000,E-Wallet,M,18.0,5.0,Regular,2650000
TRX00350,2026-01-30,Malang,Home Appliances,Electric Fan,2770000,2,5540000,Debit Card,F,30.0,5.0,Regular,1714000
TRX02095,2026-01-30,Jakarta,Smartphone,Smartphone MaxEdge,3751000,1,3751000,Debit Card,F,42.0,4.0,Regular,335000
TRX01596,2026-01-30,Malang,Smartphone,Smartphone MaxEdge,6468000,1,6468000,Debit Card,M,,4.0,Regular,831000
TRX01850,2026-01-30,Bandung,Smartphone,Smartphone Z5,5831000,2,11662000,Cash,F,41.0,5.0,Regular,772000
TRX00467,2026-01-31,Malang,Smartphone,Smartphone Z5,6116000,4,24464000,Debit Card,F,30.0,5.0,Regular,2264000
TRX00703,2026-01-31,Malang,Home Appliances,Electric Fan,988000,4,3952000,E-Wallet,F,35.0,3.0,Regular,2930000
TRX01433,2026-01-31,Jakarta,Smartphone,Smartphone NovaLite,6581000,1,6581000,Credit Card,F,39.0,5.0,Regular,2584000
TRX01078,2026-01-31,Jakarta,Laptop,Laptop ProBook,8905000,2,17810000,E-Wallet,F,34.0,4.0,Regular,1616000
TRX01193,2026-01-31,Jakarta,Home Appliances,TV LED 32in,4343000,3,13029000,Debit Card,F,41.0,3.0,Regular,1030000
TRX00685,2026-01-31,Malang,Smartphone,Smartphone NovaLite,2318000,1,2318000,Credit Card,M,31.0,5.0,Regular,1875000
TRX02200,2026-01-31,Malang,Smartphone,Smartphone NovaLite,1811000,5,9055000,E-Wallet,M,18.0,5.0,Regular,816000
TRX00168,2026-01-31,Bandung,Smartphone,Smartphone NovaLite,6004000,3,18012000,Debit Card,F,23.0,5.0,Regular,1177000
TRX00262,2026-01-31,Surabaya,Smartphone,Smartphone NovaLite,2628000,1,2628000,Credit Card,F,34.0,5.0,Regular,2044000
TRX00187,2026-01-31,Surabaya,Accessories,Bluetooth Earphones,427000,4,1708000,Debit Card,M,25.0,4.0,Regular,1458000
TRX01616,2026-02-01,Malang,Accessories,Bluetooth Earphones,143000,1,143000,Credit Card,M,27.0,5.0,Regular,2318000
TRX00661,2026-02-01,Surabaya,Smartphone,Smartphone Z5,4416000,3,13248000,Credit Card,M,39.0,5.0,Regular,1589000
TRX02103,2026-02-01,Bandung,Smartphone,Smartphone Z5,2698000,3,8094000,Credit Card,F,36.0,4.0,Regular,1717000
TRX00761,2026-02-01,Surabaya,Home Appliances,Electric Fan,1824000,5,9120000,Credit Card,F,44.0,2.0,Regular,2428000
TRX00259,2026-02-01,Jakarta,Accessories,Bluetooth Earphones,123000,3,369000,Credit Card,M,30.0,4.0,Regular,1751000
TRX00411,2026-02-01,Malang,Home Appliances,Electric Fan,2875000,1,2875000,E-Wallet,F,57.0,4.0,Regular,2445000
TRX00908,2026-02-01,Malang,Laptop,Laptop A14,8368000,3,25104000,Debit Card,F,34.0,5.0,Regular,1099000
TRX02147,2026-02-01,Surabaya,Accessories,Phone Case,53000,4,212000,Debit Card,M,18.0,4.0,Regular,2995000
TRX00230,2026-02-01,Malang,Smartphone,Smartphone MaxEdge,7115000,3,21345000,Credit Card,M,18.0,5.0,Regular,1876000
TRX01032,2026-02-01,Jakarta,Home Appliances,Rice Cooker,4427000,3,13281000,E-Wallet,F,39.0,2.0,Regular,553000
TRX00544,2026-02-01,Malang,Accessories,Phone Case,336000,5,1680000,E-Wallet,F,37.0,5.0,Regular,2600000
TRX02051,2026-02-01,Malang,Home Appliances,Rice Cooker,5340000,1,5340000,E-Wallet,F,25.0,5.0,Regular,2366000
TRX00704,2026-02-01,Jakarta,Laptop,Laptop UltraSlim,14365000,5,71825000,E-Wallet,M,36.0,4.0,Regular,1115000
TRX00349,2026-02-02,Jakarta,Laptop,Laptop A14,13736000,4,54944000,Credit Card,F,44.0,5.0,Regular,1025000
TRX01702,2026-02-02,Surabaya,Accessories,Bluetooth Earphones,273000,1,273000,Debit Card,F,30.0,4.0,Regular,2174000
TRX01886,2026-02-02,Malang,Home Appliances,Rice Cooker,3248000,1,3248000,Debit Card,M,47.0,3.0,Regular,2298000
TRX01883,2026-02-02,Malang,Laptop,Laptop X1,6487000,4,25948000,Cash,F,33.0,4.0,Regular,2525000
TRX01405,2026-02-02,Malang,Laptop,Laptop ProBook,11566000,3,34698000,Debit Card,M,33.0,3.0,Regular,274000
TRX00392,2026-02-02,Jakarta,Accessories,Phone Case,340000,1,340000,Debit Card,M,41.0,5.0,Regular,2830000
TRX01106,2026-02-02,Surabaya,Smartphone,Smartphone Air,7091000,1,7091000,Debit Card,F,49.0,4.0,Regular,2846000
TRX00251,2026-02-02,Jakarta,Home Appliances,2-Door Refrigerator,1507000,4,6028000,E-Wallet,M,49.0,3.0,Regular,1382000
TRX01174,2026-02-02,Jakarta,Laptop,Laptop A14,7698000,4,30792000,Debit Card,M,47.0,2.0,Regular,2309000
TRX00469,2026-02-02,Surabaya,Accessories,Wireless Mouse,454000,2,908000,E-Wallet,M,29.0,5.0,Regular,1958000
TRX00564,2026-02-02,Malang,Smartphone,Smartphone MaxEdge,6349000,4,25396000,Debit Card,F,34.0,5.0,Regular,1499000
TRX02032,2026-02-02,Bandung,Accessories,Wireless Mouse,56000,5,280000,E-Wallet,F,26.0,5.0,Regular,2320000
TRX01663,2026-02-03,Malang,Smartphone,Smartphone Z5,3921000,2,7842000,Credit Card,F,47.0,5.0,Regular,2734000
TRX01929,2026-02-03,Jakarta,Laptop,Laptop ProBook,8566000,1,8566000,Credit Card,F,37.0,4.0,Regular,2972000
TRX00023,2026-02-03,Jakarta,Accessories,Wireless Mouse,330000,2,660000,Debit Card,M,,2.0,Regular,1417000
TRX01639,2026-02-03,Jakarta,Accessories,Wireless Mouse,112000,5,560000,Cash,M,46.0,4.0,Regular,2955000
TRX01891,2026-02-03,Jakarta,Accessories,Bluetooth Earphones,51000,3,153000,E-Wallet,M,23.0,5.0,Regular,2163000
TRX01960,2026-02-03,Malang,Laptop,Laptop A14,8055000,3,24165000,E-Wallet,F,40.0,4.0,Regular,1227000
TRX00635,2026-02-03,Bandung,Smartphone,Smartphone Z5,6706000,2,13412000,E-Wallet,F,25.0,4.0,Regular,335000
TRX01432,2026-02-03,Jakarta,Home Appliances,TV LED 32in,3345000,1,3345000,Cash,M,32.0,1.0,Regular,2341000
TRX01326,2026-02-03,Jakarta,Accessories,Bluetooth Earphones,464000,2,928000,E-Wallet,M,29.0,4.0,Regular,2266000
TRX00912,2026-02-03,Malang,Smartphone,Smartphone MaxEdge,3383000,4,13532000,E-Wallet,F,43.0,4.0,Regular,1202000
TRX01798,2026-02-03,Malang,Accessories,Bluetooth Earphones,329000,1,329000,Cash,F,45.0,4.0,Regular,279000
TRX01345,2026-02-03,Surabaya,Smartphone,Smartphone Air,4250000,5,21250000,Credit Card,M,40.0,3.0,Regular,2466000
TRX00253,2026-02-04,Malang,Smartphone,Smartphone Z5,5405000,4,21620000,E-Wallet,F,46.0,5.0,Regular,1820000
TRX02071,2026-02-04,Bandung,Laptop,Laptop X1,11992000,2,23984000,Credit Card,F,,5.0,Regular,1633000
TRX01651,2026-02-04,Malang,Laptop,Laptop UltraSlim,14564000,5,72820000,Cash,F,32.0,5.0,Regular,2900000
TRX00888,2026-02-04,Jakarta,Laptop,Laptop UltraSlim,7597000,5,37985000,Credit Card,F,35.0,3.0,Regular,1330000
TRX01523,2026-02-04,Malang,Accessories,Wireless Mouse,344000,3,1032000,E-Wallet,M,,4.0,Regular,1094000
TRX01178,2026-02-04,Malang,Laptop,Laptop A14,13285000,2,26570000,Credit Card,M,27.0,4.0,Regular,1913000
TRX00072,2026-02-04,Jakarta,Laptop,Laptop A14,7406000,4,29624000,Debit Card,F,29.0,,Regular,2438000
TRX01534,2026-02-04,Jakarta,Accessories,Powerbank 10000mAh,146000,5,730000,E-Wallet,F,51.0,5.0,Regular,2166000
TRX00523,2026-02-04,Jakarta,Smartphone,Smartphone NovaLite,6357000,3,19071000,Debit Card,F,,1.0,Regular,1165000
TRX01113,2026-02-04,Bandung,Accessories,Powerbank 10000mAh,95000,4,380000,Debit Card,F,24.0,4.0,Regular,1879000
TRX00543,2026-02-05,Surabaya,Accessories,Phone Case,226000,3,678000,E-Wallet,M,24.0,5.0,Regular,2403000
TRX00052,2026-02-05,Bandung,Laptop,Laptop ProBook,11533000,4,46132000,Credit Card,M,28.0,5.0,Regular,1635000
TRX02094,2026-02-05,Jakarta,Smartphone,Smartphone Air,7469000,5,37345000,Cash,F,20.0,4.0,Regular,851000
TRX00993,2026-02-05,Surabaya,Laptop,Laptop X1,13570000,4,54280000,Debit Card,M,34.0,5.0,Regular,367000
TRX01770,2026-02-05,Malang,Smartphone,Smartphone Z5,5932000,1,5932000,E-Wallet,M,38.0,5.0,Regular,471000
TRX00838,2026-02-05,Jakarta,Home Appliances,2-Door Refrigerator,2556000,5,12780000,Debit Card,M,35.0,3.0,Regular,2192000
TRX01787,2026-02-05,Malang,Accessories,Powerbank 10000mAh,118000,4,472000,E-Wallet,M,21.0,5.0,Regular,432000
TRX00398,2026-02-05,Jakarta,Laptop,Laptop ProBook,6990000,5,34950000,Cash,M,23.0,5.0,Regular,2158000
TRX01115,2026-02-05,Bandung,Smartphone,Smartphone Air,1517000,3,4551000,Credit Card,M,34.0,5.0,Regular,337000
TRX01796,2026-02-06,Malang,Smartphone,Smartphone Z5,2270000,2,4540000,Debit Card,F,48.0,4.0,Regular,210000
TRX01704,2026-02-06,Surabaya,Laptop,Laptop X1,12861000,1,12861000,Cash,F,39.0,4.0,Regular,1423000
TRX01740,2026-02-06,Malang,Accessories,Phone Case,210000,4,840000,E-Wallet,M,52.0,5.0,Regular,2422000
TRX00872,2026-02-06,Bandung,Accessories,Phone Case,350000,5,1750000,Credit Card,F,21.0,3.0,Regular,1624000
TRX01085,2026-02-06,Surabaya,Accessories,Wireless Mouse,386000,4,1544000,E-Wallet,F,35.0,4.0,Regular,1299000
TRX00339,2026-02-06,Bandung,Accessories,Phone Case,241000,2,482000,E-Wallet,F,29.0,2.0,Regular,1712000
TRX01364,2026-02-06,Surabaya,Laptop,Laptop A14,13775000,3,41325000,Debit Card,F,35.0,3.0,Regular,2155000
TRX00224,2026-02-06,Jakarta,Smartphone,Smartphone NovaLite,7409000,2,14818000,Cash,F,28.0,4.0,Regular,1309000
TRX00426,2026-02-06,Malang,Accessories,Bluetooth Earphones,276000,2,552000,Debit Card,M,39.0,4.0,Regular,2762000
TRX00102,2026-02-06,Surabaya,Accessories,Phone Case,203000,3,609000,Credit Card,F,32.0,,Regular,1887000
TRX00664,2026-02-06,Malang,Smartphone,Smartphone MaxEdge,2699000,5,13495000,Debit Card,M,21.0,4.0,Regular,2537000
TRX00009,2026-02-06,Bandung,Smartphone,Smartphone Z5,3776000,4,15104000,Debit Card,M,32.0,,Regular,1048000
TRX02116,2026-02-06,Jakarta,Smartphone,Smartphone MaxEdge,5261000,4,21044000,Cash,F,44.0,4.0,Regular,849000
TRX00653,2026-02-06,Bandung,Home Appliances,TV LED 32in,4670000,2,9340000,Cash,F,29.0,5.0,Regular,501000
TRX01940,2026-02-07,Jakarta,Smartphone,Smartphone Z5,3809000,1,3809000,Debit Card,F,39.0,2.0,Regular,287000
TRX01474,2026-02-07,Jakarta,Smartphone,Smartphone Z5,7875000,1,7875000,Debit Card,F,48.0,4.0,Regular,2435000
TRX01072,2026-02-07,Malang,Laptop,Laptop A14,5044000,5,25220000,E-Wallet,F,35.0,5.0,Regular,1626000
TRX01872,2026-02-07,Jakarta,Accessories,Powerbank 10000mAh,64000,2,128000,Cash,F,34.0,5.0,Regular,1385000
TRX00735,2026-02-07,Malang,Laptop,Laptop A14,12032000,1,12032000,E-Wallet,M,37.0,4.0,Regular,1803000
TRX01988,2026-02-08,Surabaya,Smartphone,Smartphone NovaLite,3535000,4,14140000,Credit Card,M,44.0,5.0,Regular,560000
TRX01989,2026-02-08,Surabaya,Smartphone,Smartphone NovaLite,2372000,3,7116000,E-Wallet,M,33.0,2.0,Regular,2905000
TRX01745,2026-02-08,Malang,Laptop,Laptop ProBook,14943000,4,59772000,E-Wallet,F,31.0,3.0,Regular,629000
TRX01710,2026-02-08,Malang,Smartphone,Smartphone Z5,2648000,3,7944000,Cash,F,30.0,5.0,Regular,1259000
TRX00142,2026-02-08,Surabaya,Laptop,Laptop UltraSlim,11694000,3,35082000,Debit Card,M,28.0,1.0,Regular,520000
TRX01395,2026-02-09,Bandung,Smartphone,Smartphone MaxEdge,6295000,3,18885000,E-Wallet,M,23.0,,Regular,1999000
TRX02194,2026-02-09,Surabaya,Smartphone,Smartphone Air,5280000,1,5280000,E-Wallet,M,23.0,3.0,Regular,2253000
TRX00903,2026-02-09,Bandung,Laptop,Laptop UltraSlim,11143000,1,11143000,Debit Card,M,27.0,4.0,Regular,1636000
TRX00964,2026-02-09,Malang,Accessories,Bluetooth Earphones,383000,4,1532000,Debit Card,F,25.0,,Regular,1652000
TRX01582,2026-02-09,Bandung,Smartphone,Smartphone MaxEdge,2084000,1,2084000,Debit Card,F,22.0,4.0,Regular,2668000
TRX01355,2026-02-09,Jakarta,Smartphone,Smartphone Z5,2296000,2,4592000,E-Wallet,M,23.0,4.0,Regular,1924000
TRX01257,2026-02-10,Surabaya,Accessories,Powerbank 10000mAh,327000,5,1635000,E-Wallet,M,37.0,5.0,Regular,2534000
TRX00363,2026-02-10,Malang,Home Appliances,Rice Cooker,3861000,4,15444000,Cash,M,31.0,2.0,Regular,932000
TRX01839,2026-02-10,Malang,Laptop,Laptop A14,8483000,2,16966000,Credit Card,F,32.0,3.0,Regular,2385000
TRX00976,2026-02-10,Surabaya,Laptop,Laptop X1,13310000,3,39930000,E-Wallet,F,39.0,4.0,Regular,1314000
TRX00567,2026-02-11,Jakarta,Smartphone,Smartphone Air,5567000,5,27835000,Debit Card,M,19.0,5.0,Regular,2847000
TRX01512,2026-02-11,Jakarta,Accessories,Powerbank 10000mAh,181000,1,181000,E-Wallet,F,28.0,5.0,Regular,1761000
TRX01545,2026-02-11,Malang,Smartphone,Smartphone Z5,7714000,4,30856000,Debit Card,M,45.0,4.0,Regular,2694000
TRX01656,2026-02-11,Jakarta,Laptop,Laptop X1,11754000,1,11754000,Debit Card,M,33.0,4.0,Regular,312000
TRX01503,2026-02-11,Surabaya,Laptop,Laptop ProBook,14791000,4,59164000,Debit Card,M,,4.0,Regular,2886000
TRX00412,2026-02-11,Malang,Accessories,Bluetooth Earphones,101000,5,505000,Debit Card,F,36.0,4.0,Regular,1949000
TRX00078,2026-02-11,Surabaya,Home Appliances,2-Door Refrigerator,1116000,1,1116000,E-Wallet,M,31.0,5.0,Regular,2392000
TRX00326,2026-02-11,Surabaya,Smartphone,Smartphone Z5,7362000,5,36810000,E-Wallet,F,23.0,4.0,Regular,2165000
TRX01479,2026-02-11,Malang,Smartphone,Smartphone MaxEdge,7856000,4,31424000,Debit Card,M,28.0,5.0,Regular,820000
TRX00032,2026-02-11,Surabaya,Smartphone,Smartphone MaxEdge,6430000,1,6430000,Cash,F,41.0,5.0,Regular,2550000
TRX01291,2026-02-12,Surabaya,Laptop,Laptop X1,14739000,5,73695000,Debit Card,F,18.0,4.0,Regular,2305000
TRX01877,2026-02-12,Jakarta,Laptop,Laptop X1,5459000,3,16377000,E-Wallet,M,32.0,5.0,Regular,1635000
TRX00637,2026-02-12,Bandung,Smartphone,Smartphone Air,7777000,5,38885000,E-Wallet,F,36.0,5.0,Regular,981000
TRX00626,2026-02-12,Malang,Smartphone,Smartphone Z5,6208000,3,18624000,Credit Card,M,27.0,4.0,Regular,1581000
TRX00148,2026-02-12,Malang,Accessories,Bluetooth Earphones,382000,2,764000,Debit Card,F,31.0,4.0,Regular,2595000
TRX01609,2026-02-12,Malang,Accessories,Bluetooth Earphones,434000,2,868000,E-Wallet,M,41.0,4.0,Regular,413000
TRX01817,2026-02-12,Malang,Accessories,Phone Case,410000,3,1230000,Debit Card,M,45.0,5.0,Regular,1575000
TRX00486,2026-02-12,Bandung,Home Appliances,Electric Fan,4295000,5,21475000,E-Wallet,M,47.0,3.0,Regular,1903000
TRX02175,2026-02-12,Jakarta,Accessories,Powerbank 10000mAh,217000,1,217000,Debit Card,M,34.0,2.0,Regular,2268000
TRX01288,2026-02-12,Malang,Home Appliances,2-Door Refrigerator,4765000,3,14295000,E-Wallet,F,42.0,4.0,Regular,2139000
TRX00566,2026-02-12,Bandung,Smartphone,Smartphone Z5,4743000,3,14229000,Cash,F,24.0,4.0,Regular,1186000
TRX00719,2026-02-12,Surabaya,Laptop,Laptop A14,12693000,4,50772000,Credit Card,M,43.0,5.0,Regular,1792000
TRX01386,2026-02-12,Surabaya,Smartphone,Smartphone Air,2173000,1,2173000,E-Wallet,M,30.0,4.0,Regular,1518000
TRX01112,2026-02-12,Surabaya,Laptop,Laptop X1,5282000,2,10564000,Credit Card,F,24.0,4.0,Regular,244000
TRX00327,2026-02-12,Malang,Home Appliances,Rice Cooker,1404000,3,4212000,Debit Card,M,18.0,5.0,Regular,1803000
TRX00510,2026-02-12,Surabaya,Accessories,Phone Case,225000,2,450000,E-Wallet,M,35.0,5.0,Regular,688000
TRX00593,2026-02-13,Malang,Smartphone,Smartphone Air,2912000,3,8736000,Credit Card,M,31.0,4.0,Regular,682000
TRX00189,2026-02-13,Surabaya,Laptop,Laptop ProBook,10779000,4,43116000,Cash,F,29.0,,Regular,2429000
TRX01265,2026-02-13,Jakarta,Laptop,Laptop ProBook,12213000,5,61065000,Debit Card,M,24.0,5.0,Regular,1771000
TRX01251,2026-02-13,Malang,Laptop,Laptop A14,11883000,1,11883000,Debit Card,M,26.0,3.0,Regular,1128000
TRX00384,2026-02-13,Malang,Smartphone,Smartphone MaxEdge,6960000,1,6960000,Debit Card,M,39.0,5.0,Regular,2095000
TRX00854,2026-02-13,Bandung,Smartphone,Smartphone Air,3523000,5,17615000,Credit Card,F,28.0,4.0,Regular,2628000
TRX01308,2026-02-13,Malang,Laptop,Laptop X1,14601000,3,43803000,E-Wallet,F,35.0,,Regular,2214000
TRX01542,2026-02-13,Jakarta,Smartphone,Smartphone Z5,3770000,1,3770000,E-Wallet,F,37.0,4.0,Regular,805000
TRX02182,2026-02-13,Malang,Laptop,Laptop A14,5780000,5,28900000,Credit Card,F,35.0,5.0,Regular,715000
TRX00097,2026-02-13,Malang,Laptop,Laptop X1,6166000,1,6166000,Debit Card,F,32.0,5.0,Regular,938000
TRX01402,2026-02-13,Jakarta,Smartphone,Smartphone NovaLite,7578000,4,30312000,Credit Card,F,33.0,5.0,Regular,831000
TRX01506,2026-02-13,Malang,Accessories,Wireless Mouse,264000,5,1320000,E-Wallet,F,32.0,5.0,Regular,2713000
TRX00832,2026-02-13,Jakarta,Accessories,Powerbank 10000mAh,468000,5,2340000,E-Wallet,F,29.0,5.0,Regular,2887000
TRX01047,2026-02-13,Malang,Accessories,Phone Case,118000,3,354000,Credit Card,M,38.0,3.0,Regular,2648000
TRX00925,2026-02-14,Surabaya,Laptop,Laptop X1,11527000,2,23054000,E-Wallet,M,25.0,4.0,Regular,512000
TRX00857,2026-02-14,Surabaya,Home Appliances,TV LED 32in,1698000,5,8490000,Debit Card,F,45.0,4.0,Regular,1213000
TRX01454,2026-02-14,Bandung,Smartphone,Smartphone Air,7057000,1,7057000,E-Wallet,M,,5.0,Regular,2483000
TRX00508,2026-02-14,Malang,Accessories,Bluetooth Earphones,230000,4,920000,E-Wallet,F,18.0,5.0,Regular,2652000
TRX00315,2026-02-14,Malang,Accessories,Bluetooth Earphones,184000,5,920000,Debit Card,M,26.0,5.0,Regular,2759000
TRX00119,2026-02-14,Jakarta,Laptop,Laptop A14,10937000,5,54685000,E-Wallet,M,31.0,5.0,Regular,788000
TRX00989,2026-02-14,Jakarta,Home Appliances,Electric Fan,4547000,1,4547000,Debit Card,M,36.0,4.0,Regular,2369000
TRX01563,2026-02-14,Surabaya,Smartphone,Smartphone Air,6010000,5,30050000,Cash,M,26.0,,Regular,2897000
TRX02162,2026-02-14,Jakarta,Laptop,Laptop X1,9809000,5,49045000,Debit Card,F,27.0,4.0,Regular,2822000
TRX01811,2026-02-14,Jakarta,Laptop,Laptop UltraSlim,13796000,3,41388000,E-Wallet,M,27.0,3.0,Regular,524000
TRX01515,2026-02-14,Malang,Smartphone,Smartphone Z5,5790000,3,17370000,Debit Card,M,28.0,1.0,Regular,1625000
TRX02100,2026-02-14,Bandung,Laptop,Laptop ProBook,5043000,2,10086000,Credit Card,M,32.0,5.0,Regular,837000
TRX01013,2026-02-14,Malang,Smartphone,Smartphone NovaLite,7658000,1,7658000,Cash,F,47.0,4.0,Regular,2059000
TRX01107,2026-02-14,Jakarta,Home Appliances,Electric Fan,5390000,4,21560000,Cash,M,22.0,4.0,Regular,2563000
TRX01124,2026-02-14,Malang,Laptop,Laptop A14,14719000,5,73595000,E-Wallet,M,34.0,2.0,Regular,417000
TRX01709,2026-02-14,Malang,Accessories,Bluetooth Earphones,121000,4,484000,Debit Card,F,38.0,3.0,Regular,2631000
TRX01786,2026-02-14,Malang,Smartphone,Smartphone Z5,5201000,3,15603000,Cash,M,35.0,5.0,Regular,2683000
TRX01906,2026-02-14,Jakarta,Laptop,Laptop UltraSlim,10488000,5,52440000,Cash,F,34.0,4.0,Regular,1115000
TRX00831,2026-02-14,Jakarta,Accessories,Wireless Mouse,105000,2,210000,E-Wallet,F,51.0,4.0,Regular,2773000
TRX01904,2026-02-14,Jakarta,Smartphone,Smartphone NovaLite,3514000,3,10542000,E-Wallet,M,26.0,4.0,Regular,937000
TRX01892,2026-02-14,Jakarta,Accessories,Phone Case,219000,4,876000,Debit Card,M,30.0,5.0,Regular,800000
TRX01818,2026-02-15,Bandung,Accessories,Phone Case,325000,2,650000,E-Wallet,M,19.0,5.0,Regular,2242000
TRX00617,2026-02-15,Surabaya,Smartphone,Smartphone NovaLite,7754000,4,31016000,Debit Card,M,39.0,4.0,Regular,2601000
TRX00568,2026-02-15,Malang,Smartphone,Smartphone Z5,2376000,3,7128000,E-Wallet,M,34.0,5.0,Regular,2948000
TRX00483,2026-02-15,Surabaya,Home Appliances,Electric Fan,3731000,3,11193000,E-Wallet,M,31.0,4.0,Regular,2978000
TRX00696,2026-02-15,Malang,Laptop,Laptop A14,5012000,4,20048000,Debit Card,F,24.0,4.0,Regular,2551000
TRX01942,2026-02-15,Bandung,Smartphone,Smartphone MaxEdge,3977000,1,3977000,E-Wallet,M,24.0,5.0,Regular,598000
TRX01413,2026-02-15,Malang,Accessories,Bluetooth Earphones,467000,5,2335000,Debit Card,F,32.0,5.0,Regular,292000
TRX01660,2026-02-15,Surabaya,Accessories,Powerbank 10000mAh,275000,3,825000,E-Wallet,F,29.0,4.0,Regular,1999000
TRX01852,2026-02-15,Jakarta,Laptop,Laptop A14,14581000,5,72905000,E-Wallet,F,30.0,5.0,Regular,701000
TRX00919,2026-02-16,Jakarta,Home Appliances,Electric Fan,2390000,5,11950000,Debit Card,M,18.0,4.0,Regular,545000
TRX01307,2026-02-16,Surabaya,Home Appliances,TV LED 32in,1350000,2,2700000,Debit Card,M,43.0,5.0,Regular,1269000
TRX01179,2026-02-16,Bandung,Accessories,Bluetooth Earphones,299000,5,1495000,Debit Card,F,39.0,3.0,Regular,1831000
TRX02188,2026-02-16,Surabaya,Laptop,Laptop UltraSlim,11317000,5,56585000,Credit Card,M,24.0,5.0,Regular,2814000
TRX01562,2026-02-16,Surabaya,Home Appliances,TV LED 32in,4239000,2,8478000,Debit Card,F,57.0,4.0,Regular,1710000
TRX00346,2026-02-16,Surabaya,Accessories,Powerbank 10000mAh,206000,1,206000,Debit Card,F,28.0,5.0,Regular,913000
TRX01425,2026-02-16,Bandung,Laptop,Laptop A14,13731000,3,41193000,Debit Card,M,31.0,,Regular,1860000
TRX02079,2026-02-16,Malang,Laptop,Laptop UltraSlim,11694000,2,23388000,Cash,M,23.0,3.0,Regular,2954000
TRX00933,2026-02-16,Surabaya,Accessories,Wireless Mouse,107000,5,535000,Credit Card,M,19.0,3.0,Regular,483000
TRX02126,2026-02-16,Jakarta,Accessories,Powerbank 10000mAh,271000,5,1355000,E-Wallet,M,39.0,4.0,Regular,1265000
TRX01804,2026-02-16,Bandung,Accessories,Powerbank 10000mAh,278000,5,1390000,E-Wallet,F,41.0,3.0,Regular,1277000
TRX01297,2026-02-17,Malang,Smartphone,Smartphone MaxEdge,3978000,2,7956000,Credit Card,M,37.0,4.0,Regular,895000
TRX01502,2026-02-17,Jakarta,Laptop,Laptop A14,5153000,2,10306000,Debit Card,F,26.0,5.0,Regular,1805000
TRX01882,2026-02-17,Malang,Smartphone,Smartphone Air,5051000,2,10102000,Debit Card,F,18.0,4.0,Regular,1601000
TRX00211,2026-02-17,Surabaya,Home Appliances,Electric Fan,3400000,2,6800000,Cash,M,30.0,5.0,Regular,504000
TRX01621,2026-02-17,Surabaya,Smartphone,Smartphone NovaLite,7521000,4,30084000,E-Wallet,M,29.0,,Regular,2991000
TRX00380,2026-02-17,Surabaya,Laptop,Laptop UltraSlim,8983000,1,8983000,Debit Card,F,29.0,5.0,Regular,2351000
TRX01459,2026-02-17,Surabaya,Laptop,Laptop A14,10642000,3,31926000,E-Wallet,F,50.0,5.0,Regular,2492000
TRX00209,2026-02-17,Malang,Accessories,Phone Case,88000,5,440000,Cash,M,29.0,4.0,Regular,1649000
TRX00292,2026-02-18,Jakarta,Smartphone,Smartphone MaxEdge,4849000,2,9698000,Credit Card,F,35.0,5.0,Regular,1812000
TRX01261,2026-02-18,Jakarta,Home Appliances,2-Door Refrigerator,5684000,5,28420000,Credit Card,M,42.0,4.0,Regular,1477000
TRX01011,2026-02-18,Surabaya,Smartphone,Smartphone Z5,4455000,1,4455000,Debit Card,M,18.0,3.0,Regular,1968000
TRX01673,2026-02-18,Bandung,Smartphone,Smartphone NovaLite,2833000,5,14165000,E-Wallet,M,27.0,5.0,Regular,2421000
TRX00744,2026-02-18,Bandung,Home Appliances,TV LED 32in,3062000,4,12248000,Cash,M,46.0,3.0,Regular,255000
TRX01429,2026-02-18,Jakarta,Accessories,Bluetooth Earphones,158000,2,316000,Debit Card,M,19.0,5.0,Regular,1064000
TRX01123,2026-02-18,Surabaya,Accessories,Bluetooth Earphones,290000,1,290000,E-Wallet,M,27.0,2.0,Regular,1930000
TRX00618,2026-02-18,Jakarta,Smartphone,Smartphone Z5,6098000,2,12196000,Credit Card,M,53.0,5.0,Regular,1438000
TRX01701,2026-02-18,Bandung,Laptop,Laptop ProBook,14807000,3,44421000,Debit Card,F,35.0,4.0,Regular,1407000
TRX00206,2026-02-18,Bandung,Smartphone,Smartphone NovaLite,6198000,1,6198000,Debit Card,F,28.0,2.0,Regular,821000
TRX00509,2026-02-18,Surabaya,Home Appliances,Rice Cooker,1728000,5,8640000,Credit Card,F,24.0,4.0,Regular,453000
TRX01322,2026-02-19,Malang,Home Appliances,Electric Fan,4644000,5,23220000,E-Wallet,F,47.0,4.0,Regular,2574000
TRX00779,2026-02-19,Surabaya,Laptop,Laptop X1,7277000,2,14554000,E-Wallet,M,28.0,5.0,Regular,2247000
TRX01640,2026-02-19,Surabaya,Laptop,Laptop A14,9947000,5,49735000,E-Wallet,M,42.0,,Regular,2666000
TRX01491,2026-02-19,Jakarta,Smartphone,Smartphone MaxEdge,4663000,5,23315000,Cash,M,29.0,1.0,Regular,1222000
TRX02106,2026-02-19,Surabaya,Accessories,Wireless Mouse,121000,1,121000,E-Wallet,M,35.0,4.0,Regular,1318000
TRX00281,2026-02-19,Surabaya,Accessories,Powerbank 10000mAh,212000,5,1060000,Credit Card,F,35.0,5.0,Regular,1999000
TRX00890,2026-02-19,Malang,Smartphone,Smartphone NovaLite,3110000,4,12440000,Cash,M,24.0,4.0,Regular,2607000
TRX00505,2026-02-19,Malang,Laptop,Laptop UltraSlim,6278000,2,12556000,E-Wallet,M,35.0,4.0,Regular,266000
TRX00216,2026-02-19,Jakarta,Accessories,Wireless Mouse,413000,5,2065000,E-Wallet,M,24.0,5.0,Regular,1888000
TRX00039,2026-02-20,Malang,Smartphone,Smartphone Air,7796000,1,7796000,E-Wallet,M,30.0,4.0,Regular,2327000
TRX00399,2026-02-20,Surabaya,Laptop,Laptop UltraSlim,7599000,5,37995000,Debit Card,F,24.0,4.0,Regular,1029000
TRX00143,2026-02-20,Surabaya,Laptop,Laptop UltraSlim,6364000,3,19092000,Credit Card,M,37.0,3.0,Regular,2767000
TRX00413,2026-02-20,Jakarta,Home Appliances,TV LED 32in,3129000,5,15645000,Credit Card,F,35.0,5.0,Regular,926000
TRX01551,2026-02-20,Bandung,Laptop,Laptop A14,11079000,3,33237000,E-Wallet,M,37.0,5.0,Regular,2365000
TRX02000,2026-02-20,Malang,Laptop,Laptop A14,8165000,4,32660000,Debit Card,F,26.0,5.0,Regular,932000
TRX01192,2026-02-20,Jakarta,Home Appliances,TV LED 32in,1869000,4,7476000,Credit Card,F,28.0,3.0,Regular,1089000
TRX02045,2026-02-20,Jakarta,Smartphone,Smartphone Air,5464000,2,10928000,E-Wallet,F,18.0,5.0,Regular,1361000
TRX00152,2026-02-20,Malang,Smartphone,Smartphone Z5,5783000,3,17349000,E-Wallet,F,57.0,4.0,Regular,2061000
TRX01028,2026-02-20,Surabaya,Accessories,Phone Case,282000,4,1128000,Cash,F,40.0,2.0,Regular,823000
TRX00111,2026-02-20,Jakarta,Accessories,Phone Case,250000,5,1250000,Cash,F,41.0,,Regular,1627000
TRX02111,2026-02-20,Surabaya,Smartphone,Smartphone Z5,7433000,1,7433000,Credit Card,M,23.0,5.0,Regular,2239000
TRX01999,2026-02-20,Malang,Smartphone,Smartphone Air,3517000,2,7034000,Debit Card,M,18.0,2.0,Regular,399000
TRX00314,2026-02-20,Bandung,Home Appliances,Electric Fan,837000,2,1674000,E-Wallet,F,30.0,4.0,Regular,819000
TRX02109,2026-02-20,Malang,Laptop,Laptop X1,11284000,1,11284000,Credit Card,F,41.0,4.0,Regular,646000
TRX00950,2026-02-20,Surabaya,Accessories,Phone Case,74000,5,370000,Debit Card,M,22.0,5.0,Regular,2635000
TRX01794,2026-02-20,Jakarta,Smartphone,Smartphone MaxEdge,6787000,2,13574000,E-Wallet,F,51.0,5.0,Regular,767000
TRX02110,2026-02-21,Malang,Accessories,Wireless Mouse,161000,2,322000,Cash,M,25.0,4.0,Regular,2898000
TRX00450,2026-02-21,Malang,Laptop,Laptop UltraSlim,6721000,4,26884000,E-Wallet,F,23.0,4.0,Regular,1356000
TRX01917,2026-02-21,Bandung,Smartphone,Smartphone Z5,1625000,3,4875000,E-Wallet,F,39.0,2.0,Regular,1427000
TRX01993,2026-02-21,Bandung,Home Appliances,Electric Fan,1640000,2,3280000,Debit Card,F,41.0,5.0,Regular,1954000
TRX01382,2026-02-21,Malang,Laptop,Laptop A14,5535000,2,11070000,Cash,M,27.0,4.0,Regular,2087000
TRX01410,2026-02-21,Jakarta,Smartphone,Smartphone NovaLite,5879000,2,11758000,E-Wallet,M,18.0,4.0,Regular,1176000
TRX00573,2026-02-21,Jakarta,Laptop,Laptop X1,10938000,2,21876000,Debit Card,M,40.0,4.0,Regular,2520000
TRX01209,2026-02-21,Surabaya,Accessories,Wireless Mouse,184000,1,184000,Debit Card,F,35.0,3.0,Regular,1703000
TRX00534,2026-02-21,Jakarta,Smartphone,Smartphone Air,2673000,5,13365000,E-Wallet,M,18.0,4.0,Regular,2814000
TRX00814,2026-02-21,Surabaya,Smartphone,Smartphone MaxEdge,3333000,1,3333000,Debit Card,M,20.0,4.0,Regular,1911000
TRX02193,2026-02-21,Surabaya,Laptop,Laptop UltraSlim,9899000,5,49495000,Debit Card,F,23.0,5.0,Regular,1787000
TRX00299,2026-02-21,Surabaya,Home Appliances,TV LED 32in,3343000,3,10029000,E-Wallet,M,38.0,4.0,Regular,1889000
TRX02041,2026-02-22,Surabaya,Smartphone,Smartphone Z5,2324000,2,4648000,Debit Card,M,38.0,,Regular,517000
TRX01114,2026-02-22,Surabaya,Laptop,Laptop UltraSlim,12103000,5,60515000,Cash,M,28.0,4.0,Regular,2031000
TRX00096,2026-02-22,Malang,Home Appliances,Electric Fan,2576000,4,10304000,Credit Card,M,47.0,3.0,Regular,215000
TRX02197,2026-02-22,Jakarta,Home Appliances,Electric Fan,4716000,3,14148000,E-Wallet,F,26.0,5.0,Regular,2533000
TRX00481,2026-02-22,Bandung,Laptop,Laptop ProBook,8793000,2,17586000,Debit Card,F,46.0,4.0,Regular,2006000
TRX00855,2026-02-22,Bandung,Smartphone,Smartphone Air,3042000,3,9126000,E-Wallet,F,29.0,5.0,Regular,345000
TRX00342,2026-02-22,Malang,Laptop,Laptop ProBook,8343000,3,25029000,Debit Card,M,36.0,4.0,Regular,2268000
TRX00841,2026-02-22,Malang,Smartphone,Smartphone MaxEdge,6718000,5,33590000,Cash,M,34.0,5.0,Regular,2278000
TRX00495,2026-02-22,Jakarta,Smartphone,Smartphone NovaLite,4993000,4,19972000,E-Wallet,F,36.0,4.0,Regular,224000
TRX00660,2026-02-22,Bandung,Smartphone,Smartphone Z5,1673000,4,6692000,E-Wallet,F,30.0,5.0,Regular,2495000
TRX01230,2026-02-22,Surabaya,Smartphone,Smartphone Air,7790000,1,7790000,E-Wallet,F,,4.0,Regular,2980000
TRX02186,2026-02-22,Jakarta,Home Appliances,TV LED 32in,5709000,4,22836000,Debit Card,F,26.0,,Regular,2520000
TRX01483,2026-02-22,Malang,Home Appliances,TV LED 32in,4710000,4,18840000,Credit Card,M,54.0,5.0,Regular,968000
TRX01561,2026-02-22,Jakarta,Smartphone,Smartphone Z5,7093000,3,21279000,Debit Card,F,21.0,5.0,Regular,2851000
TRX00638,2026-02-23,Malang,Accessories,Phone Case,290000,5,1450000,Debit Card,M,52.0,4.0,Regular,2162000
TRX00419,2026-02-23,Malang,Home Appliances,Rice Cooker,3504000,3,10512000,E-Wallet,M,18.0,2.0,Regular,2882000
TRX01338,2026-02-23,Jakarta,Accessories,Phone Case,141000,4,564000,E-Wallet,M,26.0,4.0,Regular,2531000
TRX01646,2026-02-23,Jakarta,Accessories,Wireless Mouse,116000,1,116000,E-Wallet,F,26.0,2.0,Regular,2956000
TRX01581,2026-02-23,Jakarta,Laptop,Laptop A14,7600000,2,15200000,E-Wallet,F,31.0,5.0,Regular,2723000
TRX01820,2026-02-23,Jakarta,Smartphone,Smartphone MaxEdge,1805000,4,7220000,Cash,F,40.0,4.0,Regular,1084000
TRX00796,2026-02-23,Malang,Smartphone,Smartphone MaxEdge,5077000,5,25385000,Credit Card,F,,5.0,Regular,1418000
TRX01451,2026-02-23,Surabaya,Laptop,Laptop A14,6028000,2,12056000,Debit Card,M,22.0,4.0,Regular,680000
TRX01862,2026-02-23,Bandung,Home Appliances,2-Door Refrigerator,3711000,4,14844000,E-Wallet,F,39.0,,Regular,2426000
TRX00154,2026-02-23,Jakarta,Laptop,Laptop X1,14148000,1,14148000,Cash,F,45.0,,Regular,2364000
TRX01907,2026-02-23,Surabaya,Laptop,Laptop ProBook,11858000,2,23716000,Debit Card,F,34.0,,Regular,2085000
TRX01239,2026-02-23,Surabaya,Laptop,Laptop X1,11143000,3,33429000,Cash,F,30.0,,Regular,2982000
TRX00271,2026-02-23,Malang,Accessories,Powerbank 10000mAh,333000,2,666000,Cash,F,18.0,5.0,Regular,2771000
TRX01367,2026-02-24,Jakarta,Accessories,Powerbank 10000mAh,307000,1,307000,Credit Card,F,46.0,4.0,Regular,948000
TRX01316,2026-02-24,Malang,Smartphone,Smartphone NovaLite,5942000,2,11884000,Credit Card,M,27.0,4.0,Regular,1320000
TRX01601,2026-02-24,Jakarta,Smartphone,Smartphone NovaLite,6104000,2,12208000,Credit Card,M,32.0,3.0,Regular,2226000
TRX00928,2026-02-24,Surabaya,Laptop,Laptop ProBook,9420000,4,37680000,E-Wallet,F,37.0,5.0,Regular,1103000
TRX01400,2026-02-24,Surabaya,Accessories,Phone Case,147000,1,147000,E-Wallet,M,40.0,4.0,Regular,1490000
TRX00442,2026-02-24,Malang,Laptop,Laptop X1,10827000,3,32481000,Debit Card,M,39.0,5.0,Regular,1418000
TRX01403,2026-02-24,Bandung,Smartphone,Smartphone Air,6476000,1,6476000,Debit Card,F,35.0,,Regular,2233000
TRX01823,2026-02-24,Malang,Smartphone,Smartphone Air,2447000,2,4894000,E-Wallet,F,40.0,3.0,Regular,1940000
TRX00971,2026-02-24,Bandung,Home Appliances,TV LED 32in,1715000,2,3430000,E-Wallet,M,34.0,4.0,Regular,1230000
TRX01476,2026-02-24,Jakarta,Laptop,Laptop X1,10073000,2,20146000,E-Wallet,M,24.0,5.0,Regular,503000
TRX00353,2026-02-24,Bandung,Smartphone,Smartphone Z5,4642000,1,4642000,E-Wallet,F,41.0,5.0,Regular,1150000
TRX02052,2026-02-24,Surabaya,Accessories,Phone Case,440000,1,440000,Debit Card,M,18.0,4.0,Regular,536000
TRX00190,2026-02-24,Surabaya,Smartphone,Smartphone Z5,7850000,1,7850000,Credit Card,M,22.0,5.0,Regular,1129000
TRX00307,2026-02-24,Bandung,Laptop,Laptop ProBook,10325000,3,30975000,Credit Card,F,23.0,5.0,Regular,1940000
TRX00802,2026-02-24,Malang,Accessories,Powerbank 10000mAh,273000,3,819000,Debit Card,F,38.0,3.0,Regular,1076000
TRX00263,2026-02-24,Jakarta,Home Appliances,TV LED 32in,5039000,5,25195000,Debit Card,M,43.0,5.0,Regular,970000
TRX02021,2026-02-24,Malang,Laptop,Laptop X1,5048000,5,25240000,E-Wallet,M,22.0,4.0,Regular,371000
TRX02187,2026-02-25,Jakarta,Home Appliances,Electric Fan,3830000,1,3830000,Credit Card,M,41.0,4.0,Regular,2629000
TRX00136,2026-02-25,Malang,Smartphone,Smartphone MaxEdge,6395000,4,25580000,E-Wallet,M,34.0,4.0,Regular,559000
TRX00952,2026-02-25,Malang,Laptop,Laptop A14,5469000,4,21876000,Debit Card,M,46.0,5.0,Regular,2160000
TRX00239,2026-02-25,Bandung,Laptop,Laptop UltraSlim,6403000,5,32015000,Debit Card,F,30.0,3.0,Regular,235000
TRX02127,2026-02-25,Jakarta,Home Appliances,Electric Fan,2561000,1,2561000,E-Wallet,F,41.0,2.0,Regular,2609000
TRX01105,2026-02-25,Surabaya,Smartphone,Smartphone NovaLite,5812000,5,29060000,Debit Card,M,36.0,,Regular,478000
TRX01155,2026-02-25,Bandung,Smartphone,Smartphone Air,3479000,3,10437000,Cash,F,46.0,5.0,Regular,1180000
TRX02089,2026-02-25,Malang,Smartphone,Smartphone NovaLite,4694000,2,9388000,Credit Card,F,32.0,,Regular,2397000
TRX01838,2026-02-25,Malang,Laptop,Laptop A14,12144000,4,48576000,Debit Card,F,31.0,5.0,Regular,2852000
TRX00226,2026-02-25,Bandung,Smartphone,Smartphone Air,3116000,5,15580000,Debit Card,F,43.0,1.0,Regular,2498000
TRX01779,2026-02-25,Surabaya,Smartphone,Smartphone Z5,7178000,4,28712000,Credit Card,M,33.0,4.0,Regular,2988000
TRX01391,2026-02-25,Bandung,Smartphone,Smartphone NovaLite,1575000,2,3150000,Cash,M,31.0,4.0,Regular,2489000
TRX01186,2026-02-25,Malang,Smartphone,Smartphone Air,5614000,3,16842000,Credit Card,M,27.0,5.0,Regular,1043000
TRX01821,2026-02-26,Bandung,Accessories,Wireless Mouse,450000,1,450000,Debit Card,F,36.0,4.0,Regular,1085000
TRX00749,2026-02-26,Surabaya,Smartphone,Smartphone Air,7528000,5,37640000,Debit Card,M,33.0,4.0,Regular,788000
TRX00748,2026-02-26,Jakarta,Smartphone,Smartphone MaxEdge,5190000,4,20760000,E-Wallet,F,43.0,2.0,Regular,1310000
TRX00088,2026-02-26,Bandung,Home Appliances,TV LED 32in,5576000,1,5576000,Credit Card,F,,3.0,Regular,2470000
TRX00400,2026-02-26,Jakarta,Smartphone,Smartphone Air,6230000,5,31150000,Debit Card,M,44.0,4.0,Regular,1133000
TRX00526,2026-02-26,Jakarta,Smartphone,Smartphone MaxEdge,7568000,3,22704000,E-Wallet,M,42.0,,Regular,2342000
TRX00333,2026-02-26,Malang,Smartphone,Smartphone NovaLite,4110000,2,8220000,E-Wallet,F,32.0,4.0,Regular,2898000
TRX01014,2026-02-26,Jakarta,Accessories,Bluetooth Earphones,442000,1,442000,E-Wallet,M,27.0,4.0,Regular,2442000
TRX01060,2026-02-26,Malang,Accessories,Phone Case,433000,1,433000,Cash,F,21.0,,Regular,1611000
TRX01034,2026-02-26,Bandung,Smartphone,Smartphone NovaLite,4214000,4,16856000,Cash,M,18.0,3.0,Regular,2220000
TRX01462,2026-02-26,Jakarta,Smartphone,Smartphone MaxEdge,2630000,5,13150000,E-Wallet,F,41.0,4.0,Regular,1778000
TRX00447,2026-02-26,Malang,Smartphone,Smartphone Z5,3320000,1,3320000,Credit Card,F,28.0,5.0,Regular,1160000
TRX00968,2026-02-27,Bandung,Accessories,Phone Case,90000,2,180000,Debit Card,M,28.0,4.0,Regular,1435000
TRX01435,2026-02-27,Bandung,Home Appliances,Electric Fan,1377000,1,1377000,Cash,M,27.0,5.0,Regular,1327000
TRX01439,2026-02-27,Malang,Laptop,Laptop A14,7384000,2,14768000,Credit Card,M,39.0,4.0,Regular,2466000
TRX00988,2026-02-27,Surabaya,Laptop,Laptop X1,7077000,1,7077000,Debit Card,M,35.0,5.0,Regular,889000
TRX00799,2026-02-27,Malang,Accessories,Bluetooth Earphones,373000,1,373000,Cash,M,36.0,5.0,Regular,1654000
TRX01177,2026-02-27,Surabaya,Smartphone,Smartphone MaxEdge,7297000,1,7297000,Credit Card,F,30.0,5.0,Regular,1183000
TRX00309,2026-02-27,Bandung,Laptop,Laptop UltraSlim,11724000,5,58620000,Credit Card,M,,2.0,Regular,1185000
TRX01604,2026-02-27,Jakarta,Home Appliances,TV LED 32in,2701000,4,10804000,Debit Card,F,32.0,5.0,Regular,2408000
TRX00525,2026-02-27,Surabaya,Accessories,Wireless Mouse,113000,3,339000,Cash,F,40.0,5.0,Regular,810000
TRX01586,2026-02-27,Jakarta,Accessories,Bluetooth Earphones,420000,3,1260000,E-Wallet,F,42.0,5.0,Regular,449000
TRX02016,2026-02-27,Jakarta,Smartphone,Smartphone NovaLite,7643000,3,22929000,Debit Card,M,45.0,4.0,Regular,1731000
TRX00403,2026-02-27,Surabaya,Smartphone,Smartphone Air,6701000,1,6701000,Cash,M,33.0,4.0,Regular,1751000
TRX01576,2026-02-27,Surabaya,Smartphone,Smartphone MaxEdge,1666000,4,6664000,Credit Card,F,32.0,,Regular,1647000
TRX02167,2026-02-27,Malang,Accessories,Bluetooth Earphones,175000,3,525000,Debit Card,F,34.0,2.0,Regular,1948000
TRX00338,2026-02-27,Surabaya,Laptop,Laptop ProBook,6809000,3,20427000,E-Wallet,M,18.0,5.0,Regular,1418000
TRX01527,2026-02-27,Surabaya,Laptop,Laptop A14,8516000,4,34064000,E-Wallet,F,46.0,5.0,Regular,1367000
TRX00554,2026-02-27,Malang,Smartphone,Smartphone Air,7740000,4,30960000,Debit Card,M,22.0,5.0,Regular,2884000
TRX01756,2026-02-27,Bandung,Smartphone,Smartphone Z5,6409000,4,25636000,Debit Card,M,39.0,4.0,Regular,553000
TRX00368,2026-02-27,Malang,Laptop,Laptop UltraSlim,11236000,2,22472000,Credit Card,F,27.0,5.0,Regular,725000
TRX00167,2026-02-28,Malang,Accessories,Bluetooth Earphones,165000,3,495000,Debit Card,M,39.0,5.0,Regular,1638000
TRX02152,2026-02-28,Surabaya,Smartphone,Smartphone NovaLite,7051000,3,21153000,Debit Card,M,,4.0,Regular,1552000
TRX00595,2026-02-28,Jakarta,Home Appliances,TV LED 32in,2046000,5,10230000,Debit Card,M,33.0,5.0,Regular,1748000
TRX02130,2026-02-28,Surabaya,Accessories,Powerbank 10000mAh,415000,5,2075000,E-Wallet,M,28.0,3.0,Regular,1794000
TRX01950,2026-02-28,Malang,Accessories,Wireless Mouse,84000,2,168000,Debit Card,M,36.0,4.0,Regular,866000
TRX01388,2026-02-28,Jakarta,Smartphone,Smartphone MaxEdge,7883000,5,39415000,Debit Card,F,30.0,,Regular,2032000
TRX00607,2026-02-28,Malang,Accessories,Bluetooth Earphones,140000,5,700000,Cash,M,39.0,3.0,Regular,2077000
TRX01404,2026-02-28,Jakarta,Smartphone,Smartphone Z5,6054000,4,24216000,E-Wallet,M,47.0,4.0,Regular,1723000
TRX02083,2026-02-28,Surabaya,Accessories,Powerbank 10000mAh,360000,4,1440000,Debit Card,F,41.0,5.0,Regular,1207000
TRX00066,2026-02-28,Bandung,Smartphone,Smartphone Air,2600000,3,7800000,E-Wallet,F,,,Regular,329000
TRX01249,2026-02-28,Malang,Accessories,Wireless Mouse,291000,2,582000,E-Wallet,M,23.0,3.0,Regular,278000
TRX01504,2026-02-28,Jakarta,Smartphone,Smartphone MaxEdge,4497000,3,13491000,E-Wallet,M,36.0,,Regular,2704000
TRX00321,2026-02-28,Jakarta,Accessories,Bluetooth Earphones,449000,4,1796000,E-Wallet,M,25.0,4.0,Regular,1880000
TRX01145,2026-03-01,Surabaya,Laptop,Laptop X1,13026000,2,26052000,Credit Card,M,33.0,4.0,Promo Period,4082000
TRX00254,2026-03-01,Surabaya,Smartphone,Smartphone Air,6337000,4,25348000,Debit Card,F,28.0,3.0,Promo Period,2947000
TRX01095,2026-03-01,Surabaya,Smartphone,Smartphone NovaLite,7695000,4,30780000,Cash,F,28.0,3.0,Promo Period,2313000
TRX01915,2026-03-01,Malang,Smartphone,Smartphone MaxEdge,2111000,5,10555000,Cash,M,42.0,4.0,Promo Period,4347000
TRX02151,2026-03-01,Bandung,Laptop,Laptop ProBook,8171000,3,24513000,Debit Card,F,31.0,5.0,Promo Period,1666000
TRX02069,2026-03-01,Malang,Accessories,Bluetooth Earphones,122000,5,610000,Debit Card,F,33.0,4.0,Promo Period,2906000
TRX01514,2026-03-01,Jakarta,Home Appliances,TV LED 32in,4689000,3,14067000,Cash,M,41.0,5.0,Promo Period,1801000
TRX02092,2026-03-01,Malang,Smartphone,Smartphone MaxEdge,3458000,4,13832000,Debit Card,M,28.0,1.0,Promo Period,3985000
TRX00632,2026-03-01,Malang,Smartphone,Smartphone MaxEdge,7796000,4,31184000,Credit Card,F,24.0,4.0,Promo Period,429000
TRX00077,2026-03-01,Surabaya,Laptop,Laptop UltraSlim,13159000,2,26318000,Debit Card,F,24.0,3.0,Promo Period,2870000
TRX00646,2026-03-01,Jakarta,Home Appliances,TV LED 32in,4984000,4,19936000,Debit Card,M,33.0,4.0,Promo Period,4531000
TRX01069,2026-03-02,Surabaya,Laptop,Laptop X1,5001000,6,30006000,Credit Card,M,18.0,4.0,Promo Period,4437000
TRX01905,2026-03-02,Malang,Laptop,Laptop UltraSlim,14203000,5,71015000,E-Wallet,F,,5.0,Promo Period,787000
TRX00294,2026-03-02,Malang,Laptop,Laptop UltraSlim,7060000,3,21180000,Debit Card,M,31.0,3.0,Promo Period,1206000
TRX01777,2026-03-02,Malang,Smartphone,Smartphone Air,2731000,5,13655000,Credit Card,M,,5.0,Promo Period,543000
TRX01030,2026-03-02,Malang,Home Appliances,Electric Fan,5569000,3,16707000,E-Wallet,M,32.0,3.0,Promo Period,4665000
TRX00487,2026-03-02,Surabaya,Home Appliances,Rice Cooker,2080000,5,10400000,E-Wallet,F,31.0,4.0,Promo Period,463000
TRX00371,2026-03-02,Bandung,Smartphone,Smartphone NovaLite,5735000,6,34410000,Debit Card,F,25.0,5.0,Promo Period,1188000
TRX00169,2026-03-02,Surabaya,Smartphone,Smartphone Z5,2106000,3,6318000,Debit Card,F,32.0,3.0,Promo Period,1537000
TRX00738,2026-03-02,Surabaya,Accessories,Powerbank 10000mAh,136000,3,408000,Cash,F,35.0,5.0,Promo Period,2809000
TRX01494,2026-03-02,Malang,Home Appliances,Electric Fan,1443000,4,5772000,Debit Card,F,42.0,3.0,Promo Period,4515000
TRX02160,2026-03-02,Malang,Laptop,Laptop A14,5035000,4,20140000,Credit Card,F,29.0,4.0,Promo Period,4390000
TRX01511,2026-03-02,Bandung,Smartphone,Smartphone Z5,5104000,2,10208000,Debit Card,F,21.0,4.0,Promo Period,4626000
TRX00627,2026-03-03,Surabaya,Smartphone,Smartphone MaxEdge,3748000,3,11244000,E-Wallet,F,36.0,4.0,Promo Period,1195000
TRX01771,2026-03-03,Jakarta,Smartphone,Smartphone NovaLite,3535000,5,17675000,E-Wallet,M,21.0,5.0,Promo Period,1579000
TRX01142,2026-03-03,Malang,Smartphone,Smartphone Air,6987000,5,34935000,Cash,M,38.0,5.0,Promo Period,2560000
TRX01900,2026-03-03,Malang,Smartphone,Smartphone Z5,2341000,2,4682000,Credit Card,M,29.0,5.0,Promo Period,1849000
TRX01978,2026-03-03,Jakarta,Accessories,Wireless Mouse,457000,7,3199000,Credit Card,M,48.0,4.0,Promo Period,4034000
TRX01176,2026-03-03,Malang,Accessories,Phone Case,422000,2,844000,Debit Card,F,33.0,4.0,Promo Period,2203000
TRX01974,2026-03-03,Jakarta,Home Appliances,Rice Cooker,5674000,4,22696000,Credit Card,F,35.0,,Promo Period,2755000
TRX02074,2026-03-03,Bandung,Smartphone,Smartphone NovaLite,3763000,6,22578000,E-Wallet,F,37.0,4.0,Promo Period,2287000
TRX01782,2026-03-03,Malang,Smartphone,Smartphone NovaLite,5991000,3,17973000,Debit Card,F,40.0,,Promo Period,1991000
TRX01330,2026-03-03,Jakarta,Smartphone,Smartphone MaxEdge,6660000,3,19980000,Debit Card,F,29.0,4.0,Promo Period,1772000
TRX00199,2026-03-03,Jakarta,Smartphone,Smartphone Air,6522000,3,19566000,E-Wallet,M,28.0,3.0,Promo Period,2144000
TRX01160,2026-03-03,Surabaya,Accessories,Bluetooth Earphones,392000,4,1568000,E-Wallet,M,29.0,2.0,Promo Period,1104000
TRX01592,2026-03-04,Surabaya,Smartphone,Smartphone MaxEdge,2066000,3,6198000,Debit Card,F,18.0,5.0,Promo Period,3390000
TRX00139,2026-03-04,Malang,Laptop,Laptop ProBook,5024000,1,5024000,Credit Card,M,47.0,5.0,Promo Period,1255000
TRX01357,2026-03-04,Jakarta,Home Appliances,2-Door Refrigerator,3581000,5,17905000,Debit Card,M,38.0,5.0,Promo Period,2208000
TRX01647,2026-03-04,Malang,Smartphone,Smartphone NovaLite,3509000,7,24563000,Cash,F,25.0,4.0,Promo Period,2616000
TRX01793,2026-03-04,Jakarta,Smartphone,Smartphone Z5,2229000,5,11145000,Cash,M,44.0,4.0,Promo Period,687000
TRX00268,2026-03-04,Malang,Smartphone,Smartphone Air,2780000,7,19460000,E-Wallet,M,42.0,4.0,Promo Period,2622000
TRX00197,2026-03-04,Malang,Accessories,Bluetooth Earphones,222000,3,666000,E-Wallet,M,34.0,4.0,Promo Period,2350000
TRX01236,2026-03-04,Jakarta,Laptop,Laptop UltraSlim,11425000,4,45700000,E-Wallet,M,31.0,4.0,Promo Period,1772000
TRX01312,2026-03-04,Bandung,Smartphone,Smartphone Air,7567000,4,30268000,Debit Card,F,35.0,4.0,Promo Period,3875000
TRX00991,2026-03-04,Surabaya,Laptop,Laptop ProBook,13860000,3,41580000,Debit Card,F,28.0,4.0,Promo Period,1198000
TRX02030,2026-03-04,Bandung,Smartphone,Smartphone NovaLite,7959000,4,31836000,Debit Card,F,37.0,4.0,Promo Period,4510000
TRX01383,2026-03-04,Malang,Accessories,Phone Case,427000,4,1708000,E-Wallet,M,,5.0,Promo Period,4792000
TRX01407,2026-03-04,Bandung,Laptop,Laptop A14,11590000,5,57950000,E-Wallet,F,21.0,2.0,Promo Period,1815000
TRX01711,2026-03-04,Malang,Laptop,Laptop UltraSlim,11544000,2,23088000,Credit Card,F,30.0,4.0,Promo Period,2406000
TRX01372,2026-03-04,Bandung,Smartphone,Smartphone Z5,5899000,4,23596000,E-Wallet,F,28.0,2.0,Promo Period,3750000
TRX01757,2026-03-05,Jakarta,Smartphone,Smartphone NovaLite,4802000,5,24010000,Debit Card,M,39.0,4.0,Promo Period,3180000
TRX01363,2026-03-05,Malang,Smartphone,Smartphone Z5,2206000,5,11030000,E-Wallet,M,43.0,4.0,Promo Period,3409000
TRX00979,2026-03-05,Surabaya,Smartphone,Smartphone NovaLite,2157000,5,10785000,Credit Card,M,31.0,4.0,Promo Period,3522000
TRX00044,2026-03-06,Jakarta,Laptop,Laptop A14,14943000,6,89658000,E-Wallet,F,20.0,3.0,Promo Period,3624000
TRX01831,2026-03-06,Surabaya,Smartphone,Smartphone MaxEdge,6280000,5,31400000,E-Wallet,F,36.0,4.0,Promo Period,1493000
TRX01685,2026-03-06,Malang,Smartphone,Smartphone Z5,5228000,6,31368000,Debit Card,F,38.0,4.0,Promo Period,1057000
TRX00521,2026-03-06,Malang,Accessories,Phone Case,233000,4,932000,Credit Card,M,21.0,3.0,Promo Period,1971000
TRX01925,2026-03-07,Surabaya,Smartphone,Smartphone MaxEdge,2230000,5,11150000,E-Wallet,M,47.0,5.0,Promo Period,3566000
TRX02191,2026-03-07,Surabaya,Smartphone,Smartphone NovaLite,7040000,2,14080000,E-Wallet,F,41.0,3.0,Promo Period,3534000
TRX01773,2026-03-07,Malang,Smartphone,Smartphone Z5,4922000,5,24610000,E-Wallet,F,24.0,5.0,Promo Period,1589000
TRX01699,2026-03-07,Jakarta,Smartphone,Smartphone MaxEdge,5976000,4,23904000,Cash,M,47.0,4.0,Promo Period,2747000
TRX00053,2026-03-07,Malang,Laptop,Laptop UltraSlim,8769000,1,8769000,E-Wallet,F,36.0,4.0,Promo Period,2391000
TRX02145,2026-03-07,Malang,Home Appliances,TV LED 32in,3751000,3,11253000,Debit Card,F,30.0,4.0,Promo Period,1078000
TRX00746,2026-03-07,Jakarta,Smartphone,Smartphone NovaLite,5931000,2,11862000,Debit Card,M,,5.0,Promo Period,3740000
TRX00301,2026-03-07,Surabaya,Smartphone,Smartphone Air,1749000,4,6996000,E-Wallet,F,34.0,3.0,Promo Period,1127000
TRX00194,2026-03-07,Surabaya,Accessories,Wireless Mouse,315000,5,1575000,Credit Card,F,31.0,4.0,Promo Period,4048000
TRX00998,2026-03-07,Surabaya,Smartphone,Smartphone MaxEdge,5487000,6,32922000,Debit Card,M,,4.0,Promo Period,2612000
TRX01927,2026-03-07,Malang,Laptop,Laptop ProBook,12025000,6,72150000,Credit Card,M,35.0,3.0,Promo Period,2573000
TRX02053,2026-03-07,Surabaya,Accessories,Powerbank 10000mAh,308000,4,1232000,E-Wallet,F,23.0,3.0,Promo Period,2734000
TRX00765,2026-03-07,Jakarta,Laptop,Laptop UltraSlim,12751000,4,51004000,Credit Card,F,37.0,1.0,Promo Period,3824000
TRX01572,2026-03-07,Surabaya,Laptop,Laptop A14,14413000,5,72065000,E-Wallet,M,35.0,5.0,Promo Period,522000
TRX00063,2026-03-08,Jakarta,Smartphone,Smartphone MaxEdge,7229000,3,21687000,Cash,F,39.0,3.0,Promo Period,4626000
TRX01052,2026-03-08,Malang,Laptop,Laptop A14,7544000,6,45264000,Credit Card,F,29.0,5.0,Promo Period,1767000
TRX01271,2026-03-08,Surabaya,Smartphone,Smartphone NovaLite,7415000,4,29660000,E-Wallet,F,38.0,5.0,Promo Period,1853000
TRX02056,2026-03-08,Surabaya,Home Appliances,2-Door Refrigerator,1774000,3,5322000,Debit Card,F,33.0,4.0,Promo Period,2687000
TRX00393,2026-03-08,Jakarta,Laptop,Laptop UltraSlim,9129000,1,9129000,Debit Card,M,40.0,4.0,Promo Period,2711000
TRX01151,2026-03-08,Surabaya,Accessories,Phone Case,107000,6,642000,E-Wallet,F,31.0,4.0,Promo Period,751000
TRX00201,2026-03-08,Malang,Smartphone,Smartphone Z5,6622000,5,33110000,Debit Card,M,24.0,3.0,Promo Period,2568000
TRX01360,2026-03-08,Surabaya,Laptop,Laptop ProBook,8125000,7,56875000,Cash,M,45.0,4.0,Promo Period,326000
TRX00628,2026-03-08,Bandung,Accessories,Bluetooth Earphones,132000,4,528000,Debit Card,F,33.0,4.0,Promo Period,4717000
TRX01138,2026-03-08,Surabaya,Laptop,Laptop ProBook,7669000,4,30676000,Debit Card,M,27.0,4.0,Promo Period,898000
TRX00630,2026-03-08,Surabaya,Home Appliances,Rice Cooker,1169000,3,3507000,E-Wallet,F,29.0,5.0,Promo Period,4575000
TRX00068,2026-03-09,Surabaya,Accessories,Wireless Mouse,345000,5,1725000,Cash,F,44.0,3.0,Promo Period,3976000
TRX01937,2026-03-09,Jakarta,Laptop,Laptop ProBook,6398000,5,31990000,E-Wallet,F,40.0,4.0,Promo Period,4041000
TRX00374,2026-03-09,Surabaya,Smartphone,Smartphone NovaLite,2589000,4,10356000,E-Wallet,F,35.0,4.0,Promo Period,1444000
TRX01864,2026-03-09,Surabaya,Smartphone,Smartphone Z5,5038000,1,5038000,E-Wallet,F,27.0,5.0,Promo Period,2449000
TRX00909,2026-03-09,Malang,Smartphone,Smartphone NovaLite,1828000,2,3656000,E-Wallet,M,31.0,5.0,Promo Period,1467000
TRX01857,2026-03-09,Malang,Smartphone,Smartphone Z5,3796000,4,15184000,Debit Card,M,21.0,3.0,Promo Period,1320000
TRX00498,2026-03-09,Malang,Accessories,Powerbank 10000mAh,171000,2,342000,Cash,F,31.0,3.0,Promo Period,2988000
TRX01044,2026-03-09,Jakarta,Laptop,Laptop ProBook,6806000,3,20418000,Credit Card,M,,4.0,Promo Period,1525000
TRX01967,2026-03-09,Surabaya,Smartphone,Smartphone NovaLite,2019000,2,4038000,Debit Card,F,24.0,4.0,Promo Period,4581000
TRX00332,2026-03-09,Jakarta,Home Appliances,2-Door Refrigerator,4812000,4,19248000,E-Wallet,F,35.0,5.0,Promo Period,1099000
TRX00576,2026-03-09,Bandung,Smartphone,Smartphone MaxEdge,2480000,1,2480000,Cash,M,38.0,5.0,Promo Period,4229000
TRX00022,2026-03-09,Malang,Smartphone,Smartphone NovaLite,6124000,2,12248000,E-Wallet,M,22.0,4.0,Promo Period,3890000
TRX01268,2026-03-09,Surabaya,Laptop,Laptop A14,12715000,2,25430000,Debit Card,F,28.0,,Promo Period,481000
TRX00913,2026-03-10,Malang,Smartphone,Smartphone NovaLite,6420000,4,25680000,Cash,M,40.0,2.0,Promo Period,562000
TRX00379,2026-03-10,Surabaya,Smartphone,Smartphone Air,1591000,4,6364000,Debit Card,F,23.0,5.0,Promo Period,4366000
TRX00634,2026-03-10,Malang,Laptop,Laptop X1,13634000,5,68170000,E-Wallet,M,33.0,3.0,Promo Period,2370000
TRX00188,2026-03-10,Surabaya,Accessories,Phone Case,238000,2,476000,Debit Card,M,39.0,4.0,Promo Period,475000
TRX01748,2026-03-10,Malang,Accessories,Wireless Mouse,472000,4,1888000,E-Wallet,F,34.0,3.0,Promo Period,1139000
TRX01718,2026-03-10,Surabaya,Smartphone,Smartphone MaxEdge,5111000,4,20444000,Credit Card,M,31.0,4.0,Promo Period,3346000
TRX01945,2026-03-10,Jakarta,Smartphone,Smartphone NovaLite,5668000,7,39676000,Credit Card,M,41.0,2.0,Promo Period,2421000
TRX01772,2026-03-10,Surabaya,Smartphone,Smartphone Air,7923000,5,39615000,Debit Card,M,34.0,5.0,Promo Period,334000
TRX00770,2026-03-10,Jakarta,Laptop,Laptop ProBook,12755000,2,25510000,E-Wallet,F,30.0,4.0,Promo Period,1038000
TRX01159,2026-03-11,Malang,Laptop,Laptop A14,8565000,4,34260000,E-Wallet,F,56.0,5.0,Promo Period,1892000
TRX01881,2026-03-11,Jakarta,Accessories,Powerbank 10000mAh,156000,7,1092000,E-Wallet,M,37.0,3.0,Promo Period,2138000
TRX00614,2026-03-11,Bandung,Smartphone,Smartphone Z5,3126000,5,15630000,Debit Card,M,25.0,5.0,Promo Period,4283000
TRX01761,2026-03-11,Surabaya,Laptop,Laptop A14,12459000,5,62295000,E-Wallet,F,,4.0,Promo Period,3696000
TRX01468,2026-03-11,Malang,Smartphone,Smartphone Air,3886000,6,23316000,E-Wallet,F,28.0,4.0,Promo Period,613000
TRX01385,2026-03-11,Jakarta,Home Appliances,Electric Fan,2479000,5,12395000,Credit Card,F,46.0,4.0,Promo Period,1322000
TRX01285,2026-03-11,Malang,Accessories,Bluetooth Earphones,499000,5,2495000,E-Wallet,M,44.0,4.0,Promo Period,4590000
TRX01593,2026-03-11,Bandung,Smartphone,Smartphone MaxEdge,2581000,3,7743000,Cash,M,19.0,5.0,Promo Period,1729000
TRX00758,2026-03-11,Malang,Home Appliances,Rice Cooker,2859000,6,17154000,Debit Card,F,38.0,1.0,Promo Period,3478000
TRX01017,2026-03-11,Malang,Home Appliances,Rice Cooker,3617000,1,3617000,E-Wallet,F,31.0,,Promo Period,2669000
TRX00809,2026-03-12,Jakarta,Home Appliances,Rice Cooker,5044000,7,35308000,Debit Card,F,32.0,4.0,Promo Period,1141000
TRX00094,2026-03-12,Bandung,Laptop,Laptop A14,11003000,5,55015000,E-Wallet,M,35.0,5.0,Promo Period,2164000
TRX01173,2026-03-12,Jakarta,Accessories,Wireless Mouse,155000,6,930000,Credit Card,M,25.0,3.0,Promo Period,1142000
TRX01066,2026-03-12,Malang,Laptop,Laptop A14,12330000,5,61650000,E-Wallet,M,31.0,4.0,Promo Period,3407000
TRX01629,2026-03-12,Surabaya,Accessories,Powerbank 10000mAh,83000,2,166000,E-Wallet,F,26.0,4.0,Promo Period,4502000
TRX01478,2026-03-13,Bandung,Laptop,Laptop A14,5425000,3,16275000,E-Wallet,F,20.0,4.0,Promo Period,3914000
TRX01774,2026-03-13,Malang,Smartphone,Smartphone MaxEdge,1778000,5,8890000,Credit Card,F,,,Promo Period,1530000
TRX00440,2026-03-13,Surabaya,Smartphone,Smartphone MaxEdge,5631000,4,22524000,Debit Card,F,22.0,5.0,Promo Period,2153000
TRX01352,2026-03-13,Jakarta,Accessories,Wireless Mouse,92000,2,184000,Credit Card,F,30.0,5.0,Promo Period,885000
TRX01666,2026-03-13,Bandung,Laptop,Laptop X1,8040000,2,16080000,E-Wallet,F,42.0,3.0,Promo Period,3724000
TRX01320,2026-03-13,Bandung,Smartphone,Smartphone Air,5196000,5,25980000,Debit Card,M,29.0,4.0,Promo Period,3918000
TRX01921,2026-03-13,Surabaya,Laptop,Laptop UltraSlim,14883000,6,89298000,Debit Card,F,39.0,5.0,Promo Period,4617000
TRX01283,2026-03-13,Malang,Accessories,Bluetooth Earphones,360000,3,1080000,Debit Card,F,33.0,2.0,Promo Period,4516000
TRX01694,2026-03-13,Bandung,Smartphone,Smartphone Air,4784000,7,33488000,Debit Card,F,29.0,,Promo Period,2616000
TRX01094,2026-03-13,Malang,Accessories,Powerbank 10000mAh,349000,1,349000,Debit Card,M,22.0,5.0,Promo Period,4568000
TRX00552,2026-03-13,Malang,Smartphone,Smartphone Air,6772000,4,27088000,Credit Card,M,,4.0,Promo Period,2550000
TRX02059,2026-03-13,Bandung,Smartphone,Smartphone Air,1500000,4,6000000,Cash,M,40.0,4.0,Promo Period,2588000
TRX02012,2026-03-13,Malang,Smartphone,Smartphone Air,5572000,1,5572000,E-Wallet,F,29.0,4.0,Promo Period,4518000
TRX02003,2026-03-13,Bandung,Accessories,Wireless Mouse,313000,2,626000,Cash,F,36.0,3.0,Promo Period,3973000
TRX01754,2026-03-13,Surabaya,Laptop,Laptop ProBook,10819000,2,21638000,E-Wallet,M,27.0,4.0,Promo Period,2862000
TRX02140,2026-03-14,Surabaya,Laptop,Laptop A14,7507000,6,45042000,E-Wallet,M,30.0,4.0,Promo Period,1194000
TRX02134,2026-03-14,Malang,Smartphone,Smartphone NovaLite,6025000,6,36150000,Cash,F,61.0,4.0,Promo Period,3854000
TRX02073,2026-03-14,Jakarta,Laptop,Laptop UltraSlim,5728000,5,28640000,Debit Card,M,27.0,3.0,Promo Period,3596000
TRX02060,2026-03-14,Surabaya,Accessories,Bluetooth Earphones,295000,3,885000,Credit Card,F,38.0,4.0,Promo Period,4301000
TRX00957,2026-03-14,Bandung,Laptop,Laptop X1,8465000,5,42325000,Cash,F,42.0,4.0,Promo Period,2442000
TRX00027,2026-03-14,Surabaya,Smartphone,Smartphone MaxEdge,5498000,7,38486000,E-Wallet,F,39.0,4.0,Promo Period,2631000
TRX02163,2026-03-14,Malang,Laptop,Laptop A14,5421000,4,21684000,E-Wallet,F,20.0,,Promo Period,1302000
TRX01847,2026-03-14,Surabaya,Home Appliances,Electric Fan,2574000,5,12870000,Credit Card,F,39.0,3.0,Promo Period,2448000
TRX01302,2026-03-14,Jakarta,Home Appliances,Rice Cooker,3512000,6,21072000,Debit Card,F,33.0,4.0,Promo Period,3413000
TRX01956,2026-03-14,Surabaya,Home Appliances,2-Door Refrigerator,2080000,5,10400000,E-Wallet,M,50.0,,Promo Period,511000
TRX01168,2026-03-14,Surabaya,Accessories,Wireless Mouse,61000,3,183000,E-Wallet,M,35.0,3.0,Promo Period,3624000
TRX02076,2026-03-15,Malang,Accessories,Powerbank 10000mAh,63000,4,252000,E-Wallet,F,32.0,4.0,Regular,1940000
TRX01875,2026-03-15,Surabaya,Laptop,Laptop X1,5674000,3,17022000,E-Wallet,F,40.0,5.0,Regular,945000
TRX00585,2026-03-15,Malang,Home Appliances,2-Door Refrigerator,4326000,5,21630000,Cash,F,38.0,4.0,Regular,366000
TRX00164,2026-03-15,Bandung,Smartphone,Smartphone MaxEdge,5987000,4,23948000,E-Wallet,M,34.0,4.0,Regular,2715000
TRX01688,2026-03-15,Surabaya,Laptop,Laptop ProBook,7294000,2,14588000,Cash,F,36.0,5.0,Regular,2559000
TRX00144,2026-03-15,Malang,Smartphone,Smartphone MaxEdge,4025000,1,4025000,Credit Card,F,40.0,5.0,Regular,1810000
TRX01340,2026-03-15,Jakarta,Laptop,Laptop ProBook,12169000,5,60845000,Credit Card,M,39.0,4.0,Regular,1399000
TRX00687,2026-03-15,Surabaya,Laptop,Laptop X1,8695000,2,17390000,Debit Card,M,43.0,4.0,Regular,1066000
TRX00942,2026-03-15,Jakarta,Accessories,Wireless Mouse,497000,5,2485000,E-Wallet,F,26.0,4.0,Regular,1286000
TRX01131,2026-03-15,Surabaya,Smartphone,Smartphone NovaLite,6212000,2,12424000,E-Wallet,F,41.0,3.0,Regular,2690000
TRX00962,2026-03-15,Malang,Home Appliances,Electric Fan,4524000,1,4524000,E-Wallet,F,30.0,3.0,Regular,2074000
TRX01866,2026-03-15,Surabaya,Accessories,Phone Case,365000,2,730000,E-Wallet,M,37.0,4.0,Regular,961000
TRX00065,2026-03-16,Malang,Smartphone,Smartphone MaxEdge,3403000,5,17015000,Credit Card,M,33.0,5.0,Regular,1047000
TRX00373,2026-03-16,Malang,Smartphone,Smartphone Z5,5548000,1,5548000,Credit Card,M,41.0,3.0,Regular,801000
TRX00496,2026-03-16,Jakarta,Accessories,Wireless Mouse,376000,1,376000,E-Wallet,F,36.0,5.0,Regular,2598000
TRX01835,2026-03-16,Jakarta,Home Appliances,2-Door Refrigerator,842000,3,2526000,Credit Card,M,37.0,4.0,Regular,1598000
TRX01762,2026-03-16,Surabaya,Laptop,Laptop A14,6471000,4,25884000,Cash,F,18.0,4.0,Regular,2427000
TRX00163,2026-03-16,Surabaya,Laptop,Laptop A14,7297000,5,36485000,Debit Card,M,44.0,3.0,Regular,2844000
TRX00907,2026-03-16,Surabaya,Laptop,Laptop A14,6322000,5,31610000,Credit Card,M,43.0,5.0,Regular,1641000
TRX01495,2026-03-16,Malang,Smartphone,Smartphone NovaLite,6551000,3,19653000,Credit Card,M,22.0,2.0,Regular,2230000
TRX01252,2026-03-16,Bandung,Accessories,Phone Case,206000,3,618000,Cash,F,41.0,5.0,Regular,1056000
TRX02017,2026-03-16,Malang,Laptop,Laptop X1,12988000,5,64940000,Credit Card,M,39.0,2.0,Regular,1703000
TRX01584,2026-03-16,Surabaya,Smartphone,Smartphone Air,3009000,3,9027000,E-Wallet,M,47.0,5.0,Regular,2904000
TRX00960,2026-03-16,Malang,Smartphone,Smartphone MaxEdge,3745000,1,3745000,Credit Card,M,28.0,2.0,Regular,1684000
TRX01888,2026-03-16,Surabaya,Smartphone,Smartphone Air,5008000,4,20032000,E-Wallet,F,50.0,,Regular,745000
TRX02192,2026-03-16,Jakarta,Accessories,Powerbank 10000mAh,456000,5,2280000,E-Wallet,F,25.0,4.0,Regular,2651000
TRX01719,2026-03-16,Surabaya,Accessories,Phone Case,163000,3,489000,E-Wallet,F,37.0,5.0,Regular,2704000
TRX00624,2026-03-17,Surabaya,Home Appliances,TV LED 32in,4348000,3,13044000,Debit Card,F,28.0,5.0,Regular,378000
TRX01635,2026-03-17,Malang,Accessories,Bluetooth Earphones,305000,2,610000,Cash,F,25.0,4.0,Regular,1979000
TRX00972,2026-03-17,Surabaya,Smartphone,Smartphone Air,3577000,2,7154000,E-Wallet,M,39.0,4.0,Regular,1690000
TRX01480,2026-03-17,Bandung,Accessories,Powerbank 10000mAh,81000,2,162000,E-Wallet,F,28.0,4.0,Regular,1861000
TRX00732,2026-03-17,Bandung,Smartphone,Smartphone NovaLite,7296000,2,14592000,E-Wallet,F,33.0,4.0,Regular,2312000
TRX01485,2026-03-17,Malang,Home Appliances,2-Door Refrigerator,3405000,4,13620000,Cash,F,31.0,,Regular,2286000
TRX00248,2026-03-17,Surabaya,Home Appliances,Rice Cooker,2790000,3,8370000,Cash,M,18.0,,Regular,1318000
TRX01678,2026-03-17,Surabaya,Laptop,Laptop X1,14469000,5,72345000,Credit Card,F,45.0,4.0,Regular,1251000
TRX00425,2026-03-17,Jakarta,Accessories,Bluetooth Earphones,240000,5,1200000,Credit Card,M,27.0,4.0,Regular,1523000
TRX00929,2026-03-17,Surabaya,Smartphone,Smartphone MaxEdge,1942000,5,9710000,Credit Card,M,42.0,5.0,Regular,1755000
TRX00275,2026-03-17,Bandung,Smartphone,Smartphone MaxEdge,2438000,5,12190000,E-Wallet,F,23.0,5.0,Regular,422000
TRX01079,2026-03-17,Malang,Home Appliances,2-Door Refrigerator,1228000,3,3684000,Debit Card,M,43.0,4.0,Regular,953000
TRX00165,2026-03-17,Surabaya,Accessories,Powerbank 10000mAh,340000,3,1020000,E-Wallet,F,28.0,4.0,Regular,1442000
TRX00464,2026-03-17,Bandung,Laptop,Laptop ProBook,14322000,1,14322000,Cash,M,54.0,3.0,Regular,2857000
TRX01191,2026-03-17,Bandung,Smartphone,Smartphone MaxEdge,4841000,3,14523000,E-Wallet,M,29.0,5.0,Regular,2906000
TRX01309,2026-03-17,Surabaya,Laptop,Laptop ProBook,9964000,1,9964000,Debit Card,F,40.0,4.0,Regular,958000
TRX00572,2026-03-17,Jakarta,Laptop,Laptop UltraSlim,12877000,4,51508000,Debit Card,F,37.0,4.0,Regular,281000
TRX02070,2026-03-17,Jakarta,Smartphone,Smartphone NovaLite,3701000,5,18505000,E-Wallet,M,25.0,5.0,Regular,1513000
TRX01225,2026-03-17,Malang,Accessories,Wireless Mouse,324000,5,1620000,Cash,F,30.0,3.0,Regular,933000
TRX01043,2026-03-17,Jakarta,Smartphone,Smartphone MaxEdge,7081000,3,21243000,Debit Card,M,32.0,3.0,Regular,1215000
TRX01185,2026-03-18,Malang,Home Appliances,2-Door Refrigerator,5466000,1,5466000,Debit Card,M,38.0,3.0,Regular,1149000
TRX01059,2026-03-18,Surabaya,Smartphone,Smartphone Air,1689000,2,3378000,Debit Card,F,32.0,,Regular,1456000
TRX01374,2026-03-18,Surabaya,Smartphone,Smartphone Z5,7416000,3,22248000,Credit Card,M,26.0,,Regular,2701000
TRX00777,2026-03-18,Malang,Accessories,Powerbank 10000mAh,261000,1,261000,Cash,F,29.0,,Regular,2922000
TRX01333,2026-03-18,Surabaya,Smartphone,Smartphone MaxEdge,7486000,2,14972000,Debit Card,M,31.0,3.0,Regular,752000
TRX01841,2026-03-18,Bandung,Accessories,Powerbank 10000mAh,446000,1,446000,E-Wallet,F,34.0,4.0,Regular,462000
TRX01437,2026-03-19,Jakarta,Accessories,Powerbank 10000mAh,166000,4,664000,Debit Card,M,53.0,4.0,Regular,286000
TRX00500,2026-03-19,Malang,Smartphone,Smartphone Z5,2013000,5,10065000,E-Wallet,M,25.0,5.0,Regular,2307000
TRX01687,2026-03-19,Jakarta,Accessories,Phone Case,467000,5,2335000,Credit Card,M,24.0,4.0,Regular,814000
TRX00547,2026-03-19,Malang,Accessories,Wireless Mouse,106000,2,212000,Credit Card,F,42.0,2.0,Regular,1140000
TRX01153,2026-03-19,Surabaya,Accessories,Bluetooth Earphones,324000,4,1296000,Cash,F,25.0,3.0,Regular,2526000
TRX00954,2026-03-19,Jakarta,Smartphone,Smartphone NovaLite,6757000,5,33785000,E-Wallet,M,24.0,4.0,Regular,1389000
TRX00238,2026-03-20,Surabaya,Smartphone,Smartphone Z5,7867000,2,15734000,Debit Card,M,26.0,4.0,Regular,550000
TRX01496,2026-03-20,Bandung,Laptop,Laptop ProBook,6883000,5,34415000,Cash,M,48.0,2.0,Regular,2944000
TRX01741,2026-03-20,Jakarta,Laptop,Laptop A14,9346000,5,46730000,Debit Card,M,34.0,4.0,Regular,2610000
TRX00994,2026-03-20,Malang,Smartphone,Smartphone Air,5511000,5,27555000,Debit Card,F,23.0,2.0,Regular,2975000
TRX02007,2026-03-20,Surabaya,Home Appliances,Rice Cooker,2328000,1,2328000,Cash,M,36.0,4.0,Regular,2701000
TRX00091,2026-03-20,Surabaya,Laptop,Laptop A14,5663000,4,22652000,Debit Card,M,62.0,,Regular,2923000
TRX00155,2026-03-20,Malang,Home Appliances,Rice Cooker,1042000,5,5210000,Debit Card,F,44.0,5.0,Regular,616000
TRX00005,2026-03-20,Malang,Accessories,Phone Case,187000,1,187000,E-Wallet,F,39.0,5.0,Regular,1161000
TRX01924,2026-03-20,Surabaya,Laptop,Laptop X1,9190000,1,9190000,Debit Card,F,30.0,3.0,Regular,1266000
TRX01444,2026-03-20,Malang,Smartphone,Smartphone Z5,3897000,5,19485000,Debit Card,M,,5.0,Regular,993000
TRX01100,2026-03-20,Jakarta,Accessories,Bluetooth Earphones,181000,4,724000,Credit Card,M,33.0,5.0,Regular,2363000
TRX00621,2026-03-20,Malang,Laptop,Laptop X1,10215000,4,40860000,Credit Card,F,29.0,3.0,Regular,361000
TRX00795,2026-03-20,Surabaya,Laptop,Laptop X1,12642000,4,50568000,Credit Card,F,31.0,,Regular,708000
TRX00407,2026-03-20,Jakarta,Smartphone,Smartphone NovaLite,3067000,2,6134000,Debit Card,F,32.0,4.0,Regular,851000
TRX00473,2026-03-20,Surabaya,Accessories,Powerbank 10000mAh,442000,1,442000,Credit Card,M,45.0,5.0,Regular,2048000
TRX00354,2026-03-20,Bandung,Laptop,Laptop UltraSlim,6329000,1,6329000,Debit Card,F,26.0,,Regular,1751000
TRX00435,2026-03-20,Malang,Laptop,Laptop ProBook,10665000,2,21330000,Credit Card,F,42.0,5.0,Regular,1630000
TRX00633,2026-03-20,Jakarta,Smartphone,Smartphone Air,5467000,5,27335000,Cash,M,26.0,3.0,Regular,2705000
TRX01220,2026-03-21,Bandung,Laptop,Laptop A14,10226000,1,10226000,Debit Card,F,43.0,5.0,Regular,2505000
TRX02078,2026-03-21,Surabaya,Accessories,Bluetooth Earphones,212000,1,212000,E-Wallet,F,18.0,2.0,Regular,400000
TRX00082,2026-03-21,Malang,Home Appliances,2-Door Refrigerator,2716000,1,2716000,E-Wallet,M,51.0,5.0,Regular,2655000
TRX02135,2026-03-21,Malang,Accessories,Bluetooth Earphones,436000,5,2180000,Cash,M,46.0,5.0,Regular,2066000
TRX00121,2026-03-21,Malang,Home Appliances,Rice Cooker,3715000,4,14860000,E-Wallet,F,24.0,4.0,Regular,2694000
TRX00004,2026-03-21,Jakarta,Home Appliances,2-Door Refrigerator,3107000,3,9321000,E-Wallet,M,28.0,5.0,Regular,989000
TRX01039,2026-03-21,Jakarta,Smartphone,Smartphone Z5,5588000,2,11176000,Debit Card,F,32.0,5.0,Regular,313000
TRX00285,2026-03-21,Bandung,Home Appliances,2-Door Refrigerator,2235000,1,2235000,E-Wallet,F,30.0,5.0,Regular,2712000
TRX01418,2026-03-21,Malang,Smartphone,Smartphone Air,7114000,1,7114000,E-Wallet,F,46.0,4.0,Regular,2339000
TRX01992,2026-03-21,Bandung,Smartphone,Smartphone Z5,5668000,4,22672000,E-Wallet,M,40.0,4.0,Regular,2174000
TRX00298,2026-03-21,Bandung,Home Appliances,Rice Cooker,1601000,4,6404000,Credit Card,M,37.0,4.0,Regular,1234000
TRX00756,2026-03-21,Bandung,Accessories,Wireless Mouse,66000,4,264000,Credit Card,F,49.0,2.0,Regular,970000
TRX00140,2026-03-21,Malang,Smartphone,Smartphone Z5,2876000,3,8628000,Credit Card,F,31.0,4.0,Regular,2851000
TRX01293,2026-03-22,Surabaya,Accessories,Phone Case,363000,3,1089000,Cash,M,27.0,5.0,Regular,1027000
TRX00219,2026-03-22,Jakarta,Smartphone,Smartphone Z5,7428000,2,14856000,Credit Card,M,23.0,,Regular,2225000
TRX00689,2026-03-22,Bandung,Home Appliances,2-Door Refrigerator,1617000,2,3234000,E-Wallet,M,23.0,3.0,Regular,1093000
TRX01729,2026-03-22,Jakarta,Smartphone,Smartphone Air,7985000,2,15970000,E-Wallet,F,29.0,1.0,Regular,1747000
TRX00047,2026-03-22,Jakarta,Accessories,Bluetooth Earphones,322000,3,966000,E-Wallet,F,,4.0,Regular,2235000
TRX00186,2026-03-22,Bandung,Accessories,Phone Case,120000,4,480000,Credit Card,M,43.0,4.0,Regular,1965000
TRX00030,2026-03-22,Bandung,Laptop,Laptop A14,10456000,5,52280000,Debit Card,M,28.0,,Regular,2299000
TRX00869,2026-03-22,Surabaya,Smartphone,Smartphone MaxEdge,7119000,4,28476000,Debit Card,M,37.0,5.0,Regular,1605000
TRX00935,2026-03-22,Malang,Laptop,Laptop X1,13575000,4,54300000,Debit Card,M,38.0,3.0,Regular,1003000
TRX01263,2026-03-22,Surabaya,Smartphone,Smartphone Air,3785000,2,7570000,E-Wallet,F,35.0,4.0,Regular,1664000
TRX00267,2026-03-22,Malang,Home Appliances,2-Door Refrigerator,3759000,1,3759000,E-Wallet,M,48.0,5.0,Regular,1503000
TRX02157,2026-03-22,Malang,Laptop,Laptop X1,14344000,2,28688000,Credit Card,M,31.0,5.0,Regular,2939000
TRX00923,2026-03-22,Malang,Smartphone,Smartphone NovaLite,4742000,2,9484000,Cash,M,40.0,5.0,Regular,2558000
TRX00800,2026-03-22,Malang,Home Appliances,Rice Cooker,5919000,4,23676000,E-Wallet,M,44.0,4.0,Regular,1293000
TRX01643,2026-03-22,Malang,Smartphone,Smartphone Z5,5528000,2,11056000,E-Wallet,F,45.0,5.0,Regular,424000
TRX02146,2026-03-22,Surabaya,Smartphone,Smartphone Z5,3016000,3,9048000,Cash,F,,5.0,Regular,288000
TRX01373,2026-03-23,Jakarta,Laptop,Laptop UltraSlim,13836000,2,27672000,Debit Card,F,30.0,4.0,Regular,2998000
TRX01331,2026-03-23,Jakarta,Smartphone,Smartphone Air,5803000,5,29015000,E-Wallet,F,35.0,4.0,Regular,1090000
TRX01319,2026-03-23,Malang,Smartphone,Smartphone Air,3132000,5,15660000,E-Wallet,F,33.0,3.0,Regular,2002000
TRX02040,2026-03-23,Surabaya,Smartphone,Smartphone NovaLite,6724000,2,13448000,E-Wallet,F,31.0,5.0,Regular,2595000
TRX01473,2026-03-23,Jakarta,Laptop,Laptop A14,8612000,1,8612000,E-Wallet,F,25.0,5.0,Regular,1072000
TRX01057,2026-03-23,Malang,Home Appliances,Electric Fan,5558000,4,22232000,Cash,F,34.0,5.0,Regular,2752000
TRX00883,2026-03-23,Bandung,Accessories,Wireless Mouse,78000,2,156000,Debit Card,M,32.0,3.0,Regular,1341000
TRX00020,2026-03-23,Bandung,Smartphone,Smartphone Air,1567000,4,6268000,Debit Card,F,41.0,5.0,Regular,365000
TRX00031,2026-03-23,Bandung,Home Appliances,Electric Fan,1444000,3,4332000,Cash,F,22.0,2.0,Regular,2506000
TRX01092,2026-03-23,Surabaya,Accessories,Bluetooth Earphones,306000,3,918000,E-Wallet,F,22.0,4.0,Regular,1363000
TRX01184,2026-03-23,Jakarta,Laptop,Laptop UltraSlim,7473000,3,22419000,Cash,F,36.0,4.0,Regular,2151000
TRX00214,2026-03-23,Malang,Home Appliances,TV LED 32in,1602000,1,1602000,E-Wallet,M,43.0,1.0,Regular,1885000
TRX01919,2026-03-23,Surabaya,Smartphone,Smartphone MaxEdge,2653000,5,13265000,E-Wallet,M,,,Regular,2202000
TRX01890,2026-03-23,Jakarta,Smartphone,Smartphone Air,1964000,4,7856000,Debit Card,F,29.0,4.0,Regular,1413000
TRX02047,2026-03-23,Jakarta,Accessories,Wireless Mouse,229000,2,458000,Credit Card,M,,3.0,Regular,676000
TRX01368,2026-03-24,Surabaya,Smartphone,Smartphone MaxEdge,3880000,5,19400000,E-Wallet,F,44.0,5.0,Regular,906000
TRX02004,2026-03-24,Jakarta,Smartphone,Smartphone Z5,4079000,3,12237000,E-Wallet,M,31.0,,Regular,714000
TRX01803,2026-03-24,Malang,Laptop,Laptop UltraSlim,14595000,3,43785000,Debit Card,F,24.0,5.0,Regular,755000
TRX00537,2026-03-24,Surabaya,Accessories,Bluetooth Earphones,251000,5,1255000,E-Wallet,M,32.0,4.0,Regular,2928000
TRX00916,2026-03-24,Surabaya,Laptop,Laptop A14,12366000,5,61830000,E-Wallet,F,38.0,1.0,Regular,677000
TRX01743,2026-03-24,Surabaya,Smartphone,Smartphone Z5,4365000,2,8730000,Cash,F,33.0,4.0,Regular,949000
TRX00798,2026-03-24,Malang,Accessories,Powerbank 10000mAh,128000,3,384000,E-Wallet,M,29.0,,Regular,2963000
TRX00792,2026-03-24,Jakarta,Accessories,Bluetooth Earphones,423000,3,1269000,E-Wallet,F,,5.0,Regular,1686000
TRX00871,2026-03-24,Surabaya,Home Appliances,2-Door Refrigerator,886000,4,3544000,Cash,M,38.0,2.0,Regular,2259000
TRX01566,2026-03-24,Jakarta,Laptop,Laptop ProBook,10387000,3,31161000,E-Wallet,M,32.0,4.0,Regular,378000
TRX01458,2026-03-24,Malang,Home Appliances,2-Door Refrigerator,1286000,4,5144000,E-Wallet,F,32.0,5.0,Regular,2575000
TRX01555,2026-03-24,Surabaya,Laptop,Laptop A14,9095000,3,27285000,E-Wallet,F,38.0,3.0,Regular,986000
TRX00506,2026-03-24,Malang,Laptop,Laptop UltraSlim,14094000,5,70470000,E-Wallet,F,44.0,5.0,Regular,1842000
TRX00833,2026-03-24,Jakarta,Smartphone,Smartphone NovaLite,4505000,5,22525000,E-Wallet,M,33.0,5.0,Regular,1218000
TRX00222,2026-03-24,Surabaya,Home Appliances,Rice Cooker,4562000,5,22810000,E-Wallet,M,27.0,5.0,Regular,1867000
TRX02180,2026-03-24,Malang,Home Appliances,2-Door Refrigerator,5204000,1,5204000,Debit Card,F,41.0,,Regular,425000
TRX00205,2026-03-24,Jakarta,Accessories,Phone Case,75000,1,75000,E-Wallet,F,25.0,5.0,Regular,2166000
TRX01853,2026-03-24,Malang,Smartphone,Smartphone MaxEdge,7997000,1,7997000,E-Wallet,F,42.0,,Regular,2886000
TRX00485,2026-03-25,Jakarta,Smartphone,Smartphone MaxEdge,3772000,1,3772000,E-Wallet,F,23.0,3.0,Regular,2241000
TRX00647,2026-03-25,Jakarta,Laptop,Laptop X1,14933000,2,29866000,Debit Card,M,24.0,4.0,Regular,268000
TRX02189,2026-03-25,Malang,Smartphone,Smartphone NovaLite,4768000,4,19072000,Credit Card,M,,5.0,Regular,2936000
TRX01213,2026-03-25,Surabaya,Home Appliances,2-Door Refrigerator,1345000,2,2690000,Cash,M,35.0,,Regular,2855000
TRX00231,2026-03-25,Jakarta,Laptop,Laptop UltraSlim,9544000,5,47720000,Cash,F,37.0,1.0,Regular,1679000
TRX01520,2026-03-25,Bandung,Smartphone,Smartphone MaxEdge,2246000,5,11230000,Debit Card,M,20.0,5.0,Regular,1169000
TRX00612,2026-03-25,Surabaya,Smartphone,Smartphone NovaLite,2879000,5,14395000,Credit Card,F,35.0,4.0,Regular,779000
TRX00114,2026-03-25,Surabaya,Laptop,Laptop A14,11400000,3,34200000,Cash,M,30.0,5.0,Regular,668000
TRX00176,2026-03-25,Surabaya,Smartphone,Smartphone Z5,5583000,2,11166000,Debit Card,M,29.0,1.0,Regular,2767000
TRX02020,2026-03-25,Malang,Smartphone,Smartphone MaxEdge,4689000,1,4689000,E-Wallet,F,,3.0,Regular,2698000
TRX00939,2026-03-25,Jakarta,Smartphone,Smartphone MaxEdge,6231000,5,31155000,Debit Card,M,30.0,4.0,Regular,1853000
TRX00073,2026-03-25,Malang,Home Appliances,Rice Cooker,1043000,4,4172000,E-Wallet,M,18.0,,Regular,819000
TRX00335,2026-03-25,Malang,Smartphone,Smartphone MaxEdge,4732000,2,9464000,Debit Card,F,18.0,4.0,Regular,289000
TRX00905,2026-03-25,Malang,Accessories,Wireless Mouse,279000,4,1116000,E-Wallet,F,30.0,5.0,Regular,496000
TRX01697,2026-03-26,Jakarta,Laptop,Laptop X1,13553000,3,40659000,Debit Card,M,29.0,3.0,Regular,2049000
TRX01075,2026-03-26,Surabaya,Smartphone,Smartphone MaxEdge,2672000,1,2672000,E-Wallet,F,33.0,4.0,Regular,1065000
TRX01499,2026-03-26,Bandung,Accessories,Bluetooth Earphones,237000,4,948000,E-Wallet,M,35.0,4.0,Regular,467000
TRX00054,2026-03-26,Malang,Smartphone,Smartphone MaxEdge,2926000,5,14630000,Cash,M,37.0,5.0,Regular,2618000
TRX01802,2026-03-26,Bandung,Smartphone,Smartphone Z5,4056000,2,8112000,Debit Card,F,44.0,5.0,Regular,2752000
TRX00070,2026-03-26,Malang,Smartphone,Smartphone Air,4476000,3,13428000,Cash,M,36.0,4.0,Regular,1729000
TRX01768,2026-03-26,Surabaya,Smartphone,Smartphone Air,1945000,5,9725000,Debit Card,F,23.0,3.0,Regular,2436000
TRX00710,2026-03-26,Malang,Accessories,Phone Case,194000,5,970000,Cash,M,30.0,5.0,Regular,224000
TRX01102,2026-03-26,Bandung,Accessories,Powerbank 10000mAh,120000,5,600000,E-Wallet,M,33.0,5.0,Regular,847000
TRX00474,2026-03-26,Jakarta,Accessories,Powerbank 10000mAh,242000,1,242000,E-Wallet,M,30.0,2.0,Regular,1037000
TRX02077,2026-03-26,Bandung,Smartphone,Smartphone NovaLite,2272000,1,2272000,Cash,F,38.0,,Regular,774000
TRX01968,2026-03-26,Malang,Home Appliances,Electric Fan,4981000,3,14943000,E-Wallet,F,52.0,3.0,Regular,803000
TRX00277,2026-03-26,Jakarta,Accessories,Wireless Mouse,82000,3,246000,Debit Card,F,34.0,4.0,Regular,1283000
TRX01248,2026-03-26,Jakarta,Smartphone,Smartphone Z5,7515000,3,22545000,Credit Card,F,42.0,4.0,Regular,2987000
TRX01954,2026-03-26,Jakarta,Accessories,Powerbank 10000mAh,170000,3,510000,Cash,M,39.0,3.0,Regular,2249000
TRX00367,2026-03-26,Surabaya,Laptop,Laptop ProBook,8834000,4,35336000,Debit Card,M,49.0,2.0,Regular,2884000
TRX00109,2026-03-27,Malang,Smartphone,Smartphone Z5,3384000,5,16920000,Debit Card,F,26.0,2.0,Regular,2300000
TRX01712,2026-03-27,Bandung,Smartphone,Smartphone Air,2567000,3,7701000,Debit Card,M,,4.0,Regular,510000
TRX00124,2026-03-27,Jakarta,Smartphone,Smartphone Z5,2077000,4,8308000,Debit Card,F,49.0,4.0,Regular,2186000
TRX00290,2026-03-27,Malang,Smartphone,Smartphone Z5,3195000,2,6390000,E-Wallet,M,25.0,5.0,Regular,2595000
TRX02026,2026-03-27,Malang,Laptop,Laptop ProBook,13837000,5,69185000,Debit Card,F,52.0,,Regular,1411000
TRX01789,2026-03-27,Malang,Home Appliances,TV LED 32in,2456000,3,7368000,Debit Card,F,,4.0,Regular,2366000
TRX01431,2026-03-27,Jakarta,Smartphone,Smartphone NovaLite,7580000,3,22740000,E-Wallet,F,40.0,4.0,Regular,2155000
TRX00974,2026-03-27,Bandung,Home Appliances,Electric Fan,1693000,4,6772000,Cash,M,23.0,4.0,Regular,2128000
TRX00944,2026-03-27,Bandung,Smartphone,Smartphone Air,4586000,3,13758000,E-Wallet,M,33.0,3.0,Regular,1030000
TRX01541,2026-03-28,Jakarta,Home Appliances,TV LED 32in,3571000,4,14284000,Cash,F,28.0,4.0,Regular,2001000
TRX00785,2026-03-28,Surabaya,Smartphone,Smartphone Air,1969000,4,7876000,E-Wallet,F,32.0,4.0,Regular,1066000
TRX01795,2026-03-28,Bandung,Home Appliances,2-Door Refrigerator,3225000,1,3225000,Credit Card,F,46.0,4.0,Regular,2094000
TRX01799,2026-03-28,Jakarta,Accessories,Wireless Mouse,469000,1,469000,Credit Card,F,33.0,5.0,Regular,687000
TRX01508,2026-03-28,Malang,Smartphone,Smartphone NovaLite,6302000,2,12604000,E-Wallet,M,40.0,2.0,Regular,1189000
TRX00076,2026-03-28,Jakarta,Smartphone,Smartphone MaxEdge,5970000,1,5970000,Credit Card,F,31.0,4.0,Regular,1254000
TRX00709,2026-03-28,Surabaya,Laptop,Laptop X1,7103000,3,21309000,E-Wallet,F,33.0,2.0,Regular,222000
TRX00973,2026-03-28,Malang,Accessories,Wireless Mouse,497000,1,497000,Debit Card,F,43.0,4.0,Regular,1823000
TRX01420,2026-03-28,Malang,Laptop,Laptop A14,11017000,2,22034000,Credit Card,M,38.0,,Regular,394000
TRX00519,2026-03-28,Bandung,Accessories,Phone Case,160000,4,640000,Debit Card,M,22.0,3.0,Regular,1048000
TRX01101,2026-03-28,Malang,Accessories,Phone Case,373000,3,1119000,Debit Card,F,24.0,4.0,Regular,2520000
TRX00622,2026-03-28,Malang,Home Appliances,Rice Cooker,4196000,5,20980000,Credit Card,F,48.0,5.0,Regular,412000
TRX02178,2026-03-28,Surabaya,Smartphone,Smartphone NovaLite,3635000,2,7270000,Credit Card,F,35.0,,Regular,401000
TRX01202,2026-03-28,Jakarta,Smartphone,Smartphone Air,1677000,4,6708000,E-Wallet,F,37.0,5.0,Regular,2820000
TRX00768,2026-03-28,Malang,Accessories,Powerbank 10000mAh,453000,2,906000,Credit Card,M,28.0,5.0,Regular,506000
TRX00644,2026-03-29,Bandung,Accessories,Powerbank 10000mAh,436000,3,1308000,Cash,F,33.0,4.0,Regular,941000
TRX00276,2026-03-29,Malang,Smartphone,Smartphone NovaLite,5680000,2,11360000,Credit Card,F,37.0,,Regular,1536000
TRX01517,2026-03-29,Malang,Laptop,Laptop A14,13032000,4,52128000,E-Wallet,F,34.0,4.0,Regular,1614000
TRX01146,2026-03-29,Malang,Smartphone,Smartphone Air,6076000,2,12152000,Credit Card,F,18.0,4.0,Regular,1817000
TRX01808,2026-03-29,Malang,Smartphone,Smartphone NovaLite,5194000,1,5194000,Debit Card,M,51.0,4.0,Regular,203000
TRX01932,2026-03-29,Malang,Home Appliances,2-Door Refrigerator,1069000,4,4276000,E-Wallet,M,52.0,4.0,Regular,2278000
TRX01477,2026-03-30,Jakarta,Smartphone,Smartphone MaxEdge,4104000,4,16416000,E-Wallet,F,33.0,5.0,Regular,356000
TRX00729,2026-03-30,Bandung,Smartphone,Smartphone MaxEdge,6637000,2,13274000,Debit Card,M,27.0,5.0,Regular,1890000
TRX01492,2026-03-30,Bandung,Laptop,Laptop A14,5270000,1,5270000,E-Wallet,F,24.0,5.0,Regular,388000
TRX01116,2026-03-30,Malang,Accessories,Wireless Mouse,336000,2,672000,Credit Card,M,29.0,3.0,Regular,611000
TRX00284,2026-03-30,Bandung,Accessories,Wireless Mouse,120000,3,360000,E-Wallet,M,46.0,4.0,Regular,1276000
TRX01918,2026-03-30,Malang,Laptop,Laptop UltraSlim,12447000,5,62235000,E-Wallet,M,21.0,4.0,Regular,2249000
TRX01031,2026-03-30,Malang,Laptop,Laptop A14,7229000,4,28916000,Credit Card,F,28.0,5.0,Regular,1772000
TRX00651,2026-03-30,Jakarta,Smartphone,Smartphone MaxEdge,1997000,3,5991000,Debit Card,M,32.0,2.0,Regular,2263000
TRX00282,2026-03-30,Malang,Accessories,Wireless Mouse,109000,4,436000,Cash,M,30.0,4.0,Regular,2658000
TRX01244,2026-03-30,Malang,Smartphone,Smartphone MaxEdge,6664000,5,33320000,E-Wallet,M,32.0,2.0,Regular,1483000
TRX02156,2026-03-30,Jakarta,Smartphone,Smartphone MaxEdge,6149000,4,24596000,E-Wallet,F,21.0,1.0,Regular,342000
TRX00444,2026-03-30,Malang,Smartphone,Smartphone Z5,4774000,4,19096000,E-Wallet,M,18.0,5.0,Regular,2811000
TRX00718,2026-03-31,Surabaya,Smartphone,Smartphone Air,1502000,2,3004000,E-Wallet,F,39.0,5.0,Regular,1961000
TRX01018,2026-03-31,Malang,Accessories,Phone Case,430000,1,430000,Credit Card,F,20.0,5.0,Regular,263000
TRX01120,2026-03-31,Surabaya,Smartphone,Smartphone Air,6950000,3,20850000,Debit Card,F,36.0,5.0,Regular,577000
TRX00185,2026-03-31,Bandung,Accessories,Phone Case,490000,1,490000,Credit Card,F,23.0,4.0,Regular,667000
TRX00563,2026-03-31,Jakarta,Accessories,Bluetooth Earphones,242000,1,242000,E-Wallet,M,36.0,5.0,Regular,2310000
TRX01519,2026-03-31,Jakarta,Smartphone,Smartphone NovaLite,4855000,4,19420000,E-Wallet,M,43.0,4.0,Regular,1133000
TRX01353,2026-03-31,Jakarta,Laptop,Laptop A14,6589000,5,32945000,E-Wallet,M,42.0,4.0,Regular,926000
TRX00203,2026-03-31,Jakarta,Laptop,Laptop UltraSlim,5334000,3,16002000,Credit Card,F,30.0,,Regular,2611000
TRX01549,2026-03-31,Jakarta,Laptop,Laptop A14,8455000,3,25365000,E-Wallet,M,38.0,3.0,Regular,1603000
TRX02011,2026-03-31,Surabaya,Smartphone,Smartphone Air,5083000,5,25415000,E-Wallet,F,31.0,4.0,Regular,1997000
TRX01356,2026-03-31,Surabaya,Home Appliances,Electric Fan,3680000,3,11040000,Credit Card,M,18.0,3.0,Regular,336000
TRX01814,2026-03-31,Jakarta,Home Appliances,Electric Fan,3336000,4,13344000,Debit Card,F,45.0,5.0,Regular,2448000
TRX00235,2026-03-31,Bandung,Accessories,Powerbank 10000mAh,153000,1,153000,Cash,M,54.0,3.0,Regular,1953000
TRX00252,2026-03-31,Jakarta,Smartphone,Smartphone Z5,6475000,3,19425000,E-Wallet,M,22.0,5.0,Regular,1150000
TRX00021,2026-04-01,Jakarta,Laptop,Laptop A14,9212000,4,36848000,E-Wallet,F,29.0,2.0,Regular,517000
TRX00405,2026-04-01,Jakarta,Laptop,Laptop X1,10835000,5,54175000,Credit Card,M,36.0,5.0,Regular,460000
TRX00406,2026-04-01,Surabaya,Laptop,Laptop ProBook,10741000,3,32223000,Debit Card,F,18.0,5.0,Regular,2640000
TRX01053,2026-04-01,Jakarta,Accessories,Powerbank 10000mAh,134000,2,268000,Credit Card,F,33.0,5.0,Regular,1198000
TRX01162,2026-04-01,Bandung,Smartphone,Smartphone NovaLite,7077000,3,21231000,Cash,F,27.0,3.0,Regular,1363000
TRX00183,2026-04-01,Surabaya,Accessories,Powerbank 10000mAh,263000,3,789000,Credit Card,M,39.0,5.0,Regular,2491000
TRX00055,2026-04-01,Surabaya,Smartphone,Smartphone Z5,3133000,3,9399000,Credit Card,F,43.0,4.0,Regular,1638000
TRX00180,2026-04-01,Surabaya,Smartphone,Smartphone Z5,3888000,5,19440000,Cash,M,35.0,4.0,Regular,2113000
TRX00453,2026-04-01,Surabaya,Smartphone,Smartphone MaxEdge,5760000,5,28800000,Debit Card,F,20.0,5.0,Regular,1610000
TRX01152,2026-04-02,Jakarta,Home Appliances,2-Door Refrigerator,5873000,3,17619000,E-Wallet,M,51.0,5.0,Regular,2892000
TRX01490,2026-04-02,Surabaya,Accessories,Bluetooth Earphones,81000,3,243000,Debit Card,M,43.0,3.0,Regular,675000
TRX01618,2026-04-02,Bandung,Accessories,Wireless Mouse,64000,3,192000,Debit Card,M,40.0,4.0,Regular,427000
TRX00115,2026-04-02,Malang,Smartphone,Smartphone Air,7594000,4,30376000,Debit Card,M,42.0,4.0,Regular,2533000
TRX00667,2026-04-02,Bandung,Smartphone,Smartphone NovaLite,1889000,3,5667000,E-Wallet,F,23.0,4.0,Regular,202000
TRX00159,2026-04-02,Surabaya,Laptop,Laptop ProBook,5506000,4,22024000,Credit Card,M,39.0,3.0,Regular,1844000
TRX01217,2026-04-02,Malang,Smartphone,Smartphone Z5,2456000,5,12280000,Cash,M,32.0,5.0,Regular,344000
TRX01379,2026-04-02,Surabaya,Laptop,Laptop ProBook,5962000,4,23848000,Debit Card,F,37.0,5.0,Regular,1918000
TRX01737,2026-04-02,Jakarta,Home Appliances,2-Door Refrigerator,5796000,3,17388000,Debit Card,F,21.0,5.0,Regular,367000
TRX00420,2026-04-02,Malang,Smartphone,Smartphone NovaLite,7635000,2,15270000,Cash,M,37.0,2.0,Regular,1296000
TRX00629,2026-04-02,Malang,Laptop,Laptop UltraSlim,11949000,5,59745000,Cash,F,57.0,2.0,Regular,1426000
TRX01767,2026-04-02,Surabaya,Accessories,Wireless Mouse,497000,1,497000,Credit Card,M,38.0,4.0,Regular,1343000
TRX01091,2026-04-02,Malang,Laptop,Laptop ProBook,5973000,3,17919000,Credit Card,F,35.0,5.0,Regular,1672000
TRX01008,2026-04-02,Bandung,Smartphone,Smartphone Z5,4751000,4,19004000,Debit Card,F,,4.0,Regular,1587000
TRX00876,2026-04-02,Malang,Smartphone,Smartphone MaxEdge,5881000,3,17643000,E-Wallet,F,27.0,5.0,Regular,352000
TRX01241,2026-04-02,Malang,Laptop,Laptop ProBook,12167000,4,48668000,E-Wallet,M,36.0,4.0,Regular,661000
TRX00556,2026-04-02,Surabaya,Laptop,Laptop ProBook,5258000,3,15774000,Cash,F,40.0,4.0,Regular,1084000
TRX00897,2026-04-03,Malang,Laptop,Laptop X1,14233000,4,56932000,Debit Card,M,39.0,4.0,Regular,2476000
TRX01051,2026-04-03,Jakarta,Laptop,Laptop A14,6539000,3,19617000,E-Wallet,M,40.0,3.0,Regular,417000
TRX01442,2026-04-03,Surabaya,Laptop,Laptop A14,11492000,4,45968000,Credit Card,M,29.0,4.0,Regular,237000
TRX00940,2026-04-03,Jakarta,Accessories,Powerbank 10000mAh,312000,2,624000,Credit Card,F,26.0,5.0,Regular,1381000
TRX00017,2026-04-03,Malang,Accessories,Bluetooth Earphones,296000,3,888000,E-Wallet,F,36.0,4.0,Regular,1402000
TRX01000,2026-04-03,Malang,Accessories,Bluetooth Earphones,375000,5,1875000,Cash,F,43.0,,Regular,2784000
TRX00445,2026-04-03,Surabaya,Laptop,Laptop UltraSlim,12125000,1,12125000,Credit Card,F,25.0,5.0,Regular,1600000
TRX02066,2026-04-03,Jakarta,Home Appliances,2-Door Refrigerator,4249000,5,21245000,E-Wallet,F,27.0,,Regular,2964000
TRX01296,2026-04-04,Bandung,Home Appliances,Electric Fan,1105000,1,1105000,Credit Card,F,32.0,5.0,Regular,202000
TRX00549,2026-04-04,Bandung,Laptop,Laptop X1,10266000,4,41064000,Debit Card,M,29.0,4.0,Regular,568000
TRX01207,2026-04-04,Surabaya,Smartphone,Smartphone MaxEdge,3845000,1,3845000,Credit Card,M,41.0,4.0,Regular,688000
TRX01916,2026-04-04,Jakarta,Smartphone,Smartphone Z5,4977000,1,4977000,E-Wallet,F,31.0,5.0,Regular,936000
TRX00344,2026-04-04,Malang,Laptop,Laptop A14,10827000,4,43308000,E-Wallet,F,37.0,4.0,Regular,2473000
TRX00717,2026-04-04,Jakarta,Smartphone,Smartphone MaxEdge,3080000,2,6160000,Credit Card,M,39.0,3.0,Regular,1053000
TRX01165,2026-04-04,Surabaya,Laptop,Laptop UltraSlim,11201000,1,11201000,E-Wallet,F,41.0,,Regular,2031000
TRX01015,2026-04-04,Malang,Laptop,Laptop X1,9803000,3,29409000,Credit Card,F,42.0,5.0,Regular,1276000
TRX01460,2026-04-04,Malang,Home Appliances,2-Door Refrigerator,1391000,2,2782000,Credit Card,M,,4.0,Regular,694000
TRX00366,2026-04-04,Jakarta,Smartphone,Smartphone NovaLite,6089000,2,12178000,Cash,F,,5.0,Regular,489000
TRX01680,2026-04-04,Malang,Home Appliances,2-Door Refrigerator,5926000,4,23704000,E-Wallet,M,48.0,3.0,Regular,566000
TRX01583,2026-04-04,Malang,Accessories,Phone Case,344000,5,1720000,E-Wallet,M,51.0,2.0,Regular,1306000
TRX01720,2026-04-04,Bandung,Smartphone,Smartphone Z5,3577000,3,10731000,E-Wallet,F,28.0,,Regular,556000
TRX00803,2026-04-04,Jakarta,Smartphone,Smartphone Z5,5926000,3,17778000,Credit Card,F,35.0,4.0,Regular,2551000
TRX00608,2026-04-04,Surabaya,Home Appliances,Electric Fan,1228000,1,1228000,Debit Card,M,27.0,4.0,Regular,2313000
TRX00712,2026-04-05,Surabaya,Laptop,Laptop X1,8401000,2,16802000,Cash,M,,4.0,Regular,2285000
TRX01859,2026-04-05,Malang,Smartphone,Smartphone MaxEdge,6114000,2,12228000,Credit Card,M,38.0,4.0,Regular,1975000
TRX01311,2026-04-05,Jakarta,Home Appliances,TV LED 32in,2531000,4,10124000,Credit Card,M,46.0,4.0,Regular,728000
TRX01849,2026-04-05,Bandung,Home Appliances,2-Door Refrigerator,4443000,4,17772000,Credit Card,M,31.0,4.0,Regular,906000
TRX00701,2026-04-05,Jakarta,Accessories,Phone Case,480000,1,480000,Debit Card,F,28.0,,Regular,2523000
TRX01686,2026-04-05,Jakarta,Smartphone,Smartphone NovaLite,7230000,4,28920000,Debit Card,M,51.0,,Regular,1599000
TRX01800,2026-04-05,Surabaya,Home Appliances,TV LED 32in,2667000,4,10668000,Debit Card,F,34.0,3.0,Regular,2984000
TRX00449,2026-04-05,Surabaya,Smartphone,Smartphone Air,5694000,5,28470000,E-Wallet,F,32.0,4.0,Regular,2436000
TRX01010,2026-04-05,Malang,Accessories,Bluetooth Earphones,320000,1,320000,Debit Card,M,31.0,5.0,Regular,489000
TRX02133,2026-04-05,Surabaya,Accessories,Powerbank 10000mAh,185000,3,555000,Debit Card,M,36.0,4.0,Regular,409000
TRX00893,2026-04-05,Surabaya,Smartphone,Smartphone NovaLite,2914000,3,8742000,E-Wallet,F,38.0,4.0,Regular,748000
TRX00296,2026-04-05,Malang,Home Appliances,Rice Cooker,5129000,5,25645000,Debit Card,F,25.0,3.0,Regular,227000
TRX00679,2026-04-05,Surabaya,Smartphone,Smartphone Air,7370000,4,29480000,Cash,M,41.0,4.0,Regular,1064000
TRX00578,2026-04-05,Surabaya,Home Appliances,Electric Fan,2430000,1,2430000,Debit Card,F,47.0,5.0,Regular,1534000
TRX01392,2026-04-06,Surabaya,Laptop,Laptop ProBook,12116000,2,24232000,E-Wallet,M,37.0,4.0,Regular,1663000
TRX00995,2026-04-06,Bandung,Accessories,Phone Case,164000,3,492000,E-Wallet,M,31.0,5.0,Regular,1481000
TRX01195,2026-04-06,Malang,Smartphone,Smartphone MaxEdge,5787000,1,5787000,Credit Card,F,,4.0,Regular,386000
TRX01957,2026-04-06,Jakarta,Accessories,Wireless Mouse,59000,1,59000,Credit Card,M,24.0,1.0,Regular,2677000
TRX00997,2026-04-06,Malang,Smartphone,Smartphone Z5,5301000,5,26505000,Cash,F,36.0,4.0,Regular,1104000
TRX01920,2026-04-06,Malang,Laptop,Laptop X1,8876000,2,17752000,Debit Card,M,41.0,4.0,Regular,1561000
TRX01665,2026-04-06,Malang,Laptop,Laptop UltraSlim,13962000,3,41886000,Debit Card,M,36.0,4.0,Regular,1573000
TRX02029,2026-04-06,Jakarta,Smartphone,Smartphone Z5,1537000,4,6148000,Credit Card,F,41.0,4.0,Regular,2779000
TRX01074,2026-04-06,Malang,Laptop,Laptop ProBook,7397000,2,14794000,E-Wallet,F,29.0,5.0,Regular,232000
TRX01501,2026-04-06,Surabaya,Smartphone,Smartphone NovaLite,5252000,5,26260000,Credit Card,M,43.0,5.0,Regular,211000
TRX00011,2026-04-06,Malang,Home Appliances,Rice Cooker,2085000,4,8340000,Cash,F,27.0,3.0,Regular,2662000
TRX01901,2026-04-07,Jakarta,Smartphone,Smartphone Air,3060000,4,12240000,Debit Card,F,29.0,5.0,Regular,449000
TRX01669,2026-04-07,Jakarta,Laptop,Laptop A14,8261000,2,16522000,Debit Card,M,33.0,1.0,Regular,2317000
TRX00488,2026-04-07,Surabaya,Laptop,Laptop A14,8266000,3,24798000,Cash,M,30.0,5.0,Regular,1571000
TRX00648,2026-04-07,Surabaya,Laptop,Laptop ProBook,11222000,2,22444000,Credit Card,F,34.0,4.0,Regular,1813000
TRX00656,2026-04-07,Surabaya,Smartphone,Smartphone Z5,3039000,5,15195000,Credit Card,F,39.0,2.0,Regular,736000
TRX00747,2026-04-07,Surabaya,Laptop,Laptop ProBook,11014000,4,44056000,Credit Card,M,38.0,5.0,Regular,2814000
TRX01725,2026-04-07,Bandung,Accessories,Bluetooth Earphones,307000,4,1228000,Credit Card,F,43.0,4.0,Regular,1575000
TRX01553,2026-04-07,Jakarta,Accessories,Powerbank 10000mAh,159000,5,795000,Credit Card,M,32.0,2.0,Regular,1973000
TRX00351,2026-04-07,Jakarta,Smartphone,Smartphone MaxEdge,6133000,1,6133000,E-Wallet,M,29.0,4.0,Regular,1978000
TRX01991,2026-04-07,Bandung,Smartphone,Smartphone Air,3050000,4,12200000,E-Wallet,F,47.0,5.0,Regular,1714000
TRX01164,2026-04-07,Malang,Home Appliances,TV LED 32in,4069000,4,16276000,E-Wallet,F,37.0,4.0,Regular,2808000
TRX02048,2026-04-07,Jakarta,Accessories,Bluetooth Earphones,204000,1,204000,Debit Card,F,26.0,5.0,Regular,578000
TRX01299,2026-04-07,Malang,Smartphone,Smartphone Air,7862000,5,39310000,E-Wallet,F,34.0,5.0,Regular,1454000
TRX01341,2026-04-07,Bandung,Laptop,Laptop A14,12447000,1,12447000,Cash,F,37.0,3.0,Regular,1759000
TRX00507,2026-04-07,Bandung,Accessories,Bluetooth Earphones,190000,5,950000,Debit Card,F,29.0,5.0,Regular,2710000
TRX01147,2026-04-07,Malang,Smartphone,Smartphone Air,4265000,2,8530000,E-Wallet,M,36.0,4.0,Regular,1895000
TRX01335,2026-04-07,Jakarta,Accessories,Bluetooth Earphones,156000,5,780000,Cash,M,18.0,4.0,Regular,1349000
TRX01902,2026-04-07,Surabaya,Laptop,Laptop X1,7293000,5,36465000,Credit Card,F,24.0,5.0,Regular,1905000
TRX01958,2026-04-07,Malang,Smartphone,Smartphone NovaLite,4327000,5,21635000,Debit Card,M,31.0,4.0,Regular,1757000
TRX02139,2026-04-08,Surabaya,Home Appliances,TV LED 32in,4195000,2,8390000,Debit Card,M,25.0,4.0,Regular,2586000
TRX01259,2026-04-08,Bandung,Laptop,Laptop UltraSlim,12130000,4,48520000,Debit Card,F,33.0,5.0,Regular,1438000
TRX00927,2026-04-08,Jakarta,Accessories,Powerbank 10000mAh,248000,3,744000,E-Wallet,M,31.0,4.0,Regular,1477000
TRX01922,2026-04-08,Jakarta,Smartphone,Smartphone Air,2965000,2,5930000,Credit Card,M,37.0,4.0,Regular,2312000
TRX00931,2026-04-08,Malang,Home Appliances,Electric Fan,1385000,2,2770000,E-Wallet,M,35.0,3.0,Regular,2723000
TRX00561,2026-04-08,Malang,Smartphone,Smartphone Air,2309000,4,9236000,Cash,M,43.0,3.0,Regular,2096000
TRX00877,2026-04-08,Surabaya,Accessories,Wireless Mouse,316000,4,1264000,E-Wallet,M,34.0,5.0,Regular,584000
TRX01140,2026-04-08,Surabaya,Smartphone,Smartphone Air,2472000,5,12360000,E-Wallet,F,35.0,5.0,Regular,1569000
TRX00606,2026-04-08,Bandung,Accessories,Powerbank 10000mAh,444000,5,2220000,Debit Card,M,31.0,3.0,Regular,2932000
TRX00539,2026-04-08,Malang,Accessories,Bluetooth Earphones,268000,5,1340000,Cash,F,29.0,,Regular,2516000
TRX01636,2026-04-08,Surabaya,Laptop,Laptop ProBook,10025000,4,40100000,E-Wallet,M,34.0,5.0,Regular,2056000
TRX01380,2026-04-08,Bandung,Home Appliances,Electric Fan,5756000,5,28780000,E-Wallet,F,31.0,5.0,Regular,1881000
TRX02119,2026-04-09,Malang,Laptop,Laptop UltraSlim,11381000,2,22762000,E-Wallet,M,29.0,,Regular,1369000
TRX01848,2026-04-09,Jakarta,Smartphone,Smartphone Z5,2653000,2,5306000,Cash,M,21.0,4.0,Regular,2558000
TRX00789,2026-04-09,Bandung,Laptop,Laptop UltraSlim,12018000,3,36054000,Debit Card,F,31.0,3.0,Regular,1945000
TRX00807,2026-04-09,Surabaya,Accessories,Powerbank 10000mAh,384000,2,768000,Debit Card,F,49.0,4.0,Regular,926000
TRX02137,2026-04-09,Bandung,Accessories,Phone Case,76000,3,228000,Cash,F,41.0,5.0,Regular,2766000
TRX02118,2026-04-09,Malang,Home Appliances,TV LED 32in,4731000,5,23655000,E-Wallet,F,28.0,4.0,Regular,1289000
TRX00057,2026-04-09,Malang,Smartphone,Smartphone MaxEdge,6870000,3,20610000,Debit Card,F,34.0,,Regular,1984000
TRX00289,2026-04-09,Bandung,Accessories,Phone Case,103000,1,103000,Debit Card,F,27.0,3.0,Regular,296000
TRX02154,2026-04-09,Surabaya,Laptop,Laptop ProBook,7155000,5,35775000,Debit Card,M,,5.0,Regular,1572000
TRX00917,2026-04-09,Malang,Accessories,Powerbank 10000mAh,57000,2,114000,Credit Card,F,31.0,4.0,Regular,1653000
TRX00295,2026-04-09,Jakarta,Laptop,Laptop ProBook,9964000,1,9964000,Credit Card,F,38.0,5.0,Regular,652000
TRX00305,2026-04-09,Malang,Home Appliances,TV LED 32in,912000,1,912000,Debit Card,F,27.0,5.0,Regular,2283000
TRX00331,2026-04-09,Bandung,Laptop,Laptop A14,9227000,3,27681000,Credit Card,F,39.0,5.0,Regular,607000
TRX00229,2026-04-09,Malang,Accessories,Powerbank 10000mAh,458000,2,916000,Debit Card,F,24.0,5.0,Regular,2258000
TRX00029,2026-04-09,Jakarta,Smartphone,Smartphone NovaLite,5296000,5,26480000,E-Wallet,M,32.0,2.0,Regular,747000
TRX01497,2026-04-10,Malang,Laptop,Laptop UltraSlim,7008000,3,21024000,Debit Card,M,50.0,3.0,Regular,2082000
TRX00879,2026-04-10,Jakarta,Accessories,Wireless Mouse,162000,3,486000,Debit Card,F,25.0,5.0,Regular,872000
TRX00992,2026-04-10,Bandung,Laptop,Laptop ProBook,6083000,2,12166000,Debit Card,M,28.0,,Regular,2779000
TRX01323,2026-04-10,Jakarta,Accessories,Powerbank 10000mAh,95000,4,380000,E-Wallet,M,25.0,5.0,Regular,1722000
TRX00983,2026-04-10,Jakarta,Accessories,Bluetooth Earphones,386000,2,772000,Cash,F,30.0,5.0,Regular,1869000
TRX01577,2026-04-10,Surabaya,Laptop,Laptop ProBook,11155000,2,22310000,E-Wallet,M,33.0,5.0,Regular,509000
TRX01625,2026-04-11,Malang,Smartphone,Smartphone Air,7634000,1,7634000,E-Wallet,F,41.0,,Regular,2987000
TRX00113,2026-04-11,Surabaya,Smartphone,Smartphone NovaLite,2966000,3,8898000,E-Wallet,M,21.0,4.0,Regular,2072000
TRX00330,2026-04-11,Surabaya,Laptop,Laptop A14,5406000,3,16218000,Cash,M,35.0,5.0,Regular,2374000
TRX01258,2026-04-11,Surabaya,Accessories,Powerbank 10000mAh,279000,2,558000,Credit Card,F,27.0,4.0,Regular,1722000
TRX00655,2026-04-11,Surabaya,Laptop,Laptop A14,10169000,2,20338000,E-Wallet,F,45.0,4.0,Regular,806000
TRX01365,2026-04-11,Malang,Smartphone,Smartphone Air,2889000,4,11556000,Debit Card,F,34.0,3.0,Regular,1920000
TRX01840,2026-04-11,Malang,Accessories,Powerbank 10000mAh,122000,2,244000,Cash,F,,4.0,Regular,1321000
TRX00308,2026-04-11,Malang,Laptop,Laptop ProBook,11031000,4,44124000,Credit Card,M,29.0,5.0,Regular,2206000
TRX02031,2026-04-11,Surabaya,Accessories,Phone Case,144000,3,432000,Credit Card,F,37.0,4.0,Regular,1379000
TRX01997,2026-04-11,Malang,Home Appliances,2-Door Refrigerator,5533000,1,5533000,E-Wallet,M,48.0,5.0,Regular,847000
TRX00158,2026-04-11,Jakarta,Home Appliances,TV LED 32in,2373000,2,4746000,E-Wallet,M,34.0,2.0,Regular,967000
TRX01664,2026-04-11,Surabaya,Laptop,Laptop A14,14817000,1,14817000,Credit Card,M,30.0,4.0,Regular,1832000
TRX01938,2026-04-11,Malang,Laptop,Laptop A14,7244000,1,7244000,Cash,M,31.0,4.0,Regular,314000
TRX00034,2026-04-11,Jakarta,Laptop,Laptop A14,13262000,1,13262000,Cash,F,,3.0,Regular,2337000
TRX00762,2026-04-11,Bandung,Accessories,Phone Case,335000,2,670000,Debit Card,M,,5.0,Regular,1982000
TRX00755,2026-04-11,Jakarta,Accessories,Phone Case,239000,5,1195000,Credit Card,M,33.0,5.0,Regular,1933000
TRX00132,2026-04-11,Surabaya,Smartphone,Smartphone Z5,7627000,2,15254000,Credit Card,F,47.0,4.0,Regular,1990000
TRX00456,2026-04-11,Jakarta,Smartphone,Smartphone Z5,1624000,5,8120000,E-Wallet,F,37.0,4.0,Regular,2366000
TRX01565,2026-04-11,Surabaya,Accessories,Bluetooth Earphones,289000,1,289000,E-Wallet,M,30.0,4.0,Regular,343000
TRX01129,2026-04-11,Malang,Laptop,Laptop X1,8223000,5,41115000,E-Wallet,M,31.0,4.0,Regular,2182000
TRX01222,2026-04-11,Malang,Smartphone,Smartphone MaxEdge,3498000,5,17490000,Cash,F,45.0,3.0,Regular,2058000
TRX01084,2026-04-11,Malang,Smartphone,Smartphone Air,4777000,4,19108000,Debit Card,F,35.0,5.0,Regular,2392000
TRX00134,2026-04-12,Jakarta,Laptop,Laptop X1,13811000,4,55244000,Debit Card,M,44.0,5.0,Regular,996000
TRX01003,2026-04-12,Jakarta,Home Appliances,2-Door Refrigerator,2820000,5,14100000,E-Wallet,F,45.0,5.0,Regular,2161000
TRX01412,2026-04-12,Surabaya,Laptop,Laptop UltraSlim,9649000,3,28947000,Debit Card,F,35.0,3.0,Regular,968000
TRX01434,2026-04-12,Malang,Laptop,Laptop X1,14962000,3,44886000,E-Wallet,M,27.0,5.0,Regular,1364000
TRX01975,2026-04-12,Bandung,Smartphone,Smartphone MaxEdge,7081000,5,35405000,Debit Card,M,20.0,5.0,Regular,805000
TRX02062,2026-04-12,Bandung,Laptop,Laptop ProBook,10585000,2,21170000,E-Wallet,F,30.0,4.0,Regular,253000
TRX01387,2026-04-12,Jakarta,Smartphone,Smartphone NovaLite,6625000,3,19875000,Credit Card,F,25.0,4.0,Regular,2005000
TRX00116,2026-04-13,Surabaya,Laptop,Laptop X1,8570000,3,25710000,Credit Card,F,35.0,5.0,Regular,510000
TRX00437,2026-04-13,Jakarta,Smartphone,Smartphone Air,4915000,4,19660000,Debit Card,F,,3.0,Regular,2708000
TRX01189,2026-04-13,Malang,Smartphone,Smartphone Air,5744000,1,5744000,E-Wallet,F,25.0,,Regular,2999000
TRX00131,2026-04-13,Malang,Smartphone,Smartphone Air,6521000,4,26084000,Credit Card,M,32.0,4.0,Regular,966000
TRX00980,2026-04-13,Malang,Accessories,Powerbank 10000mAh,415000,1,415000,E-Wallet,M,21.0,5.0,Regular,2584000
TRX00706,2026-04-13,Jakarta,Laptop,Laptop UltraSlim,9360000,4,37440000,Cash,F,38.0,4.0,Regular,1075000
TRX01029,2026-04-13,Malang,Accessories,Wireless Mouse,279000,2,558000,Debit Card,F,47.0,4.0,Regular,2793000
TRX00126,2026-04-13,Bandung,Smartphone,Smartphone MaxEdge,4676000,4,18704000,Cash,F,18.0,4.0,Regular,2623000
TRX00079,2026-04-13,Malang,Smartphone,Smartphone Air,6071000,4,24284000,Debit Card,M,34.0,,Regular,364000
TRX01672,2026-04-13,Jakarta,Laptop,Laptop A14,9510000,4,38040000,E-Wallet,M,33.0,4.0,Regular,2347000
TRX01455,2026-04-14,Malang,Home Appliances,TV LED 32in,3224000,2,6448000,Debit Card,F,44.0,5.0,Regular,1527000
TRX01897,2026-04-14,Jakarta,Smartphone,Smartphone MaxEdge,7530000,5,37650000,E-Wallet,M,24.0,4.0,Regular,1285000
TRX00288,2026-04-14,Surabaya,Smartphone,Smartphone NovaLite,7721000,3,23163000,E-Wallet,M,40.0,4.0,Regular,1261000
TRX01544,2026-04-14,Bandung,Smartphone,Smartphone MaxEdge,2468000,3,7404000,E-Wallet,M,35.0,2.0,Regular,1910000
TRX02199,2026-04-14,Surabaya,Laptop,Laptop X1,10415000,2,20830000,Debit Card,F,50.0,3.0,Regular,2889000
TRX01728,2026-04-14,Malang,Smartphone,Smartphone MaxEdge,7474000,4,29896000,E-Wallet,F,33.0,3.0,Regular,2732000
TRX00978,2026-04-14,Malang,Home Appliances,Rice Cooker,971000,4,3884000,E-Wallet,M,19.0,4.0,Regular,1273000
TRX00708,2026-04-14,Surabaya,Laptop,Laptop X1,6238000,2,12476000,E-Wallet,M,33.0,3.0,Regular,1554000
TRX01631,2026-04-14,Malang,Accessories,Wireless Mouse,178000,1,178000,Cash,F,38.0,5.0,Regular,1513000
TRX00570,2026-04-14,Bandung,Smartphone,Smartphone Air,6867000,5,34335000,Cash,F,32.0,5.0,Regular,1293000
TRX01759,2026-04-14,Jakarta,Accessories,Bluetooth Earphones,268000,5,1340000,Cash,M,18.0,4.0,Regular,300000
TRX00922,2026-04-14,Malang,Laptop,Laptop ProBook,12709000,3,38127000,Cash,M,32.0,2.0,Regular,2236000
TRX00535,2026-04-15,Bandung,Smartphone,Smartphone Air,4516000,1,4516000,Credit Card,M,30.0,5.0,Regular,889000
TRX01765,2026-04-15,Surabaya,Home Appliances,Rice Cooker,5612000,5,28060000,E-Wallet,M,43.0,5.0,Regular,598000
TRX00597,2026-04-15,Malang,Smartphone,Smartphone MaxEdge,5804000,3,17412000,Credit Card,F,41.0,5.0,Regular,1909000
TRX01344,2026-04-15,Surabaya,Laptop,Laptop ProBook,11569000,2,23138000,Debit Card,M,31.0,5.0,Regular,1520000
TRX00129,2026-04-15,Bandung,Home Appliances,TV LED 32in,2552000,3,7656000,E-Wallet,M,,5.0,Regular,2736000
TRX00930,2026-04-15,Surabaya,Smartphone,Smartphone NovaLite,6463000,5,32315000,E-Wallet,F,32.0,5.0,Regular,2922000
TRX00228,2026-04-15,Surabaya,Laptop,Laptop ProBook,11291000,1,11291000,Cash,M,36.0,,Regular,362000
TRX01627,2026-04-15,Jakarta,Laptop,Laptop ProBook,8777000,1,8777000,E-Wallet,M,40.0,5.0,Regular,911000
TRX01791,2026-04-16,Malang,Smartphone,Smartphone NovaLite,6663000,5,33315000,Credit Card,M,33.0,,Regular,2287000
TRX01415,2026-04-16,Malang,Smartphone,Smartphone MaxEdge,4706000,1,4706000,Credit Card,M,44.0,4.0,Regular,2184000
TRX00677,2026-04-16,Jakarta,Laptop,Laptop A14,5335000,4,21340000,Credit Card,F,33.0,2.0,Regular,2106000
TRX00242,2026-04-16,Jakarta,Smartphone,Smartphone Z5,7957000,2,15914000,E-Wallet,F,27.0,5.0,Regular,2549000
TRX01858,2026-04-16,Malang,Smartphone,Smartphone MaxEdge,4507000,2,9014000,Debit Card,F,,4.0,Regular,1549000
TRX02037,2026-04-16,Jakarta,Accessories,Bluetooth Earphones,287000,1,287000,Debit Card,M,39.0,4.0,Regular,544000
TRX01628,2026-04-16,Malang,Smartphone,Smartphone Air,7402000,4,29608000,Cash,F,37.0,3.0,Regular,1947000
TRX01760,2026-04-16,Surabaya,Laptop,Laptop ProBook,6244000,4,24976000,E-Wallet,M,38.0,4.0,Regular,1831000
TRX00266,2026-04-16,Surabaya,Accessories,Bluetooth Earphones,322000,2,644000,E-Wallet,F,47.0,4.0,Regular,1550000
TRX02123,2026-04-16,Jakarta,Accessories,Wireless Mouse,295000,2,590000,E-Wallet,F,19.0,3.0,Regular,1954000
TRX01161,2026-04-16,Jakarta,Smartphone,Smartphone Air,1728000,2,3456000,E-Wallet,M,30.0,5.0,Regular,1218000
TRX00424,2026-04-16,Jakarta,Smartphone,Smartphone NovaLite,4668000,2,9336000,Debit Card,M,53.0,5.0,Regular,947000
TRX01156,2026-04-17,Surabaya,Smartphone,Smartphone Air,6578000,4,26312000,Cash,F,30.0,4.0,Regular,2051000
TRX01423,2026-04-17,Surabaya,Smartphone,Smartphone Air,3810000,3,11430000,Credit Card,M,24.0,4.0,Regular,2746000
TRX00981,2026-04-17,Surabaya,Laptop,Laptop ProBook,14854000,2,29708000,Debit Card,F,35.0,5.0,Regular,2953000
TRX00260,2026-04-17,Malang,Smartphone,Smartphone MaxEdge,7713000,4,30852000,Debit Card,M,35.0,5.0,Regular,2139000
TRX00966,2026-04-17,Bandung,Smartphone,Smartphone Z5,5684000,4,22736000,Debit Card,M,40.0,4.0,Regular,2404000
TRX00786,2026-04-17,Surabaya,Home Appliances,Rice Cooker,4887000,5,24435000,E-Wallet,F,34.0,4.0,Regular,1594000
TRX01396,2026-04-17,Surabaya,Accessories,Phone Case,374000,4,1496000,E-Wallet,M,26.0,4.0,Regular,2542000
TRX00698,2026-04-17,Malang,Smartphone,Smartphone MaxEdge,1957000,2,3914000,Debit Card,M,29.0,4.0,Regular,2888000
TRX02065,2026-04-17,Jakarta,Home Appliances,Electric Fan,3477000,3,10431000,Cash,F,33.0,2.0,Regular,754000
TRX01118,2026-04-17,Bandung,Laptop,Laptop X1,5356000,5,26780000,E-Wallet,F,40.0,4.0,Regular,2869000
TRX01318,2026-04-17,Surabaya,Smartphone,Smartphone Air,7724000,2,15448000,Credit Card,M,42.0,5.0,Regular,1547000
TRX00548,2026-04-17,Jakarta,Accessories,Wireless Mouse,102000,2,204000,E-Wallet,M,32.0,2.0,Regular,946000
TRX02190,2026-04-17,Surabaya,Accessories,Bluetooth Earphones,210000,5,1050000,Credit Card,F,33.0,5.0,Regular,2211000
TRX00270,2026-04-17,Surabaya,Smartphone,Smartphone Air,7245000,3,21735000,Cash,F,41.0,1.0,Regular,1775000
TRX01833,2026-04-17,Surabaya,Laptop,Laptop UltraSlim,8412000,3,25236000,Cash,F,30.0,,Regular,2400000
TRX00985,2026-04-17,Jakarta,Home Appliances,Rice Cooker,3607000,4,14428000,Credit Card,M,52.0,3.0,Regular,718000
TRX01546,2026-04-17,Bandung,Smartphone,Smartphone NovaLite,6317000,2,12634000,E-Wallet,M,42.0,4.0,Regular,1950000
TRX00915,2026-04-18,Surabaya,Smartphone,Smartphone MaxEdge,6043000,1,6043000,Debit Card,M,31.0,5.0,Regular,2638000
TRX01608,2026-04-18,Malang,Laptop,Laptop X1,11258000,1,11258000,Debit Card,M,29.0,5.0,Regular,508000
TRX00468,2026-04-18,Malang,Smartphone,Smartphone NovaLite,7184000,5,35920000,Debit Card,M,18.0,5.0,Regular,892000
TRX00520,2026-04-18,Malang,Accessories,Phone Case,128000,1,128000,E-Wallet,F,32.0,5.0,Regular,1165000
TRX01644,2026-04-18,Jakarta,Home Appliances,Rice Cooker,1026000,5,5130000,E-Wallet,F,32.0,5.0,Regular,689000
TRX00688,2026-04-18,Jakarta,Smartphone,Smartphone NovaLite,3927000,2,7854000,Cash,F,18.0,5.0,Regular,768000
TRX01654,2026-04-18,Malang,Home Appliances,TV LED 32in,1555000,1,1555000,E-Wallet,F,33.0,4.0,Regular,2809000
TRX01350,2026-04-18,Surabaya,Smartphone,Smartphone NovaLite,5401000,4,21604000,Debit Card,F,38.0,4.0,Regular,1157000
TRX00665,2026-04-19,Malang,Smartphone,Smartphone Air,1734000,2,3468000,Cash,M,42.0,4.0,Regular,643000
TRX00531,2026-04-19,Surabaya,Smartphone,Smartphone Air,4036000,5,20180000,Cash,M,27.0,4.0,Regular,419000
TRX01580,2026-04-19,Surabaya,Smartphone,Smartphone NovaLite,7537000,1,7537000,E-Wallet,F,45.0,3.0,Regular,2979000
TRX01188,2026-04-19,Jakarta,Laptop,Laptop X1,10642000,2,21284000,E-Wallet,M,33.0,5.0,Regular,872000
TRX02024,2026-04-19,Surabaya,Laptop,Laptop ProBook,5982000,1,5982000,Debit Card,M,41.0,4.0,Regular,928000
TRX01505,2026-04-19,Malang,Accessories,Powerbank 10000mAh,93000,4,372000,Debit Card,F,34.0,4.0,Regular,2074000
TRX00455,2026-04-19,Malang,Smartphone,Smartphone NovaLite,3339000,1,3339000,E-Wallet,M,39.0,,Regular,985000
TRX00394,2026-04-19,Jakarta,Smartphone,Smartphone Z5,7900000,3,23700000,E-Wallet,M,34.0,3.0,Regular,2940000
TRX01764,2026-04-19,Malang,Laptop,Laptop X1,10100000,5,50500000,Debit Card,F,40.0,4.0,Regular,1549000
TRX01048,2026-04-19,Bandung,Home Appliances,2-Door Refrigerator,4021000,3,12063000,E-Wallet,M,29.0,5.0,Regular,867000
TRX00967,2026-04-19,Surabaya,Smartphone,Smartphone MaxEdge,6598000,2,13196000,Debit Card,F,38.0,4.0,Regular,1516000
TRX00720,2026-04-19,Jakarta,Accessories,Powerbank 10000mAh,142000,5,710000,Cash,M,27.0,1.0,Regular,1369000
TRX01568,2026-04-20,Malang,Laptop,Laptop X1,5058000,2,10116000,Cash,F,45.0,5.0,Regular,2884000
TRX00494,2026-04-20,Surabaya,Laptop,Laptop A14,7233000,2,14466000,Debit Card,F,33.0,4.0,Regular,2337000
TRX00137,2026-04-20,Malang,Smartphone,Smartphone Z5,2810000,3,8430000,Credit Card,M,34.0,4.0,Regular,573000
TRX00490,2026-04-20,Malang,Accessories,Phone Case,265000,2,530000,Debit Card,M,,2.0,Regular,299000
TRX01873,2026-04-20,Malang,Accessories,Powerbank 10000mAh,198000,1,198000,E-Wallet,F,28.0,4.0,Regular,1741000
TRX00193,2026-04-20,Surabaya,Home Appliances,2-Door Refrigerator,1223000,3,3669000,Cash,F,,4.0,Regular,881000
TRX02183,2026-04-20,Malang,Smartphone,Smartphone MaxEdge,3044000,2,6088000,Cash,F,18.0,,Regular,2112000
TRX00625,2026-04-20,Surabaya,Laptop,Laptop X1,13096000,5,65480000,Cash,F,40.0,4.0,Regular,2365000
TRX01525,2026-04-20,Surabaya,Smartphone,Smartphone Z5,6868000,2,13736000,E-Wallet,F,18.0,4.0,Regular,2710000
TRX00850,2026-04-20,Bandung,Smartphone,Smartphone Z5,7583000,3,22749000,Debit Card,M,28.0,4.0,Regular,845000
TRX01181,2026-04-21,Surabaya,Smartphone,Smartphone MaxEdge,5743000,2,11486000,Debit Card,M,19.0,3.0,Regular,2074000
TRX00896,2026-04-21,Jakarta,Smartphone,Smartphone Z5,2802000,4,11208000,Debit Card,M,47.0,4.0,Regular,2671000
TRX02124,2026-04-21,Jakarta,Laptop,Laptop A14,6247000,5,31235000,Credit Card,M,34.0,4.0,Regular,2103000
TRX00767,2026-04-21,Bandung,Smartphone,Smartphone NovaLite,5364000,4,21456000,Credit Card,F,27.0,5.0,Regular,254000
TRX01758,2026-04-21,Surabaya,Smartphone,Smartphone Air,2572000,1,2572000,E-Wallet,F,43.0,5.0,Regular,260000
TRX01662,2026-04-21,Bandung,Laptop,Laptop X1,14988000,2,29976000,Debit Card,M,49.0,2.0,Regular,1487000
TRX01305,2026-04-21,Jakarta,Accessories,Wireless Mouse,496000,4,1984000,E-Wallet,M,29.0,2.0,Regular,1050000
TRX00956,2026-04-21,Surabaya,Laptop,Laptop A14,13598000,1,13598000,E-Wallet,M,24.0,4.0,Regular,2073000
TRX00269,2026-04-21,Malang,Accessories,Bluetooth Earphones,291000,4,1164000,Cash,M,25.0,5.0,Regular,2193000
TRX02144,2026-04-21,Malang,Accessories,Bluetooth Earphones,381000,4,1524000,Credit Card,F,38.0,5.0,Regular,1869000
TRX01952,2026-04-21,Malang,Laptop,Laptop UltraSlim,8801000,5,44005000,Cash,F,,4.0,Regular,2507000
TRX00987,2026-04-22,Surabaya,Home Appliances,2-Door Refrigerator,5959000,1,5959000,E-Wallet,F,32.0,5.0,Regular,559000
TRX01135,2026-04-22,Jakarta,Smartphone,Smartphone Air,1893000,4,7572000,Credit Card,M,41.0,4.0,Regular,1804000
TRX01829,2026-04-22,Surabaya,Home Appliances,Rice Cooker,4018000,5,20090000,Debit Card,M,55.0,4.0,Regular,398000
TRX00323,2026-04-22,Surabaya,Smartphone,Smartphone Air,3597000,1,3597000,Debit Card,F,35.0,5.0,Regular,2070000
TRX00672,2026-04-22,Jakarta,Laptop,Laptop UltraSlim,10438000,5,52190000,E-Wallet,M,36.0,5.0,Regular,2140000
TRX01885,2026-04-22,Malang,Laptop,Laptop ProBook,12498000,3,37494000,Credit Card,M,39.0,2.0,Regular,455000
TRX02027,2026-04-22,Surabaya,Accessories,Phone Case,316000,3,948000,Debit Card,M,32.0,4.0,Regular,240000
TRX00900,2026-04-22,Surabaya,Laptop,Laptop X1,8336000,4,33344000,Debit Card,F,37.0,5.0,Regular,671000
TRX01846,2026-04-22,Surabaya,Accessories,Phone Case,304000,1,304000,Credit Card,F,44.0,4.0,Regular,509000
TRX00953,2026-04-22,Surabaya,Laptop,Laptop X1,8771000,5,43855000,E-Wallet,F,18.0,5.0,Regular,2743000
TRX00601,2026-04-22,Bandung,Laptop,Laptop ProBook,9406000,2,18812000,Credit Card,F,,4.0,Regular,777000
TRX00702,2026-04-22,Jakarta,Smartphone,Smartphone MaxEdge,4730000,4,18920000,E-Wallet,M,27.0,3.0,Regular,1975000
TRX00825,2026-04-23,Malang,Home Appliances,2-Door Refrigerator,2355000,5,11775000,Debit Card,F,36.0,3.0,Regular,653000
TRX01540,2026-04-23,Malang,Laptop,Laptop A14,13010000,1,13010000,E-Wallet,F,22.0,4.0,Regular,584000
TRX01661,2026-04-23,Jakarta,Laptop,Laptop A14,11461000,4,45844000,Debit Card,F,36.0,4.0,Regular,342000
TRX01397,2026-04-23,Surabaya,Smartphone,Smartphone MaxEdge,5732000,2,11464000,Cash,M,51.0,4.0,Regular,1913000
TRX00675,2026-04-23,Jakarta,Laptop,Laptop X1,8268000,2,16536000,E-Wallet,M,18.0,4.0,Regular,502000
TRX01982,2026-04-23,Malang,Smartphone,Smartphone NovaLite,5639000,2,11278000,Debit Card,M,26.0,5.0,Regular,2430000
TRX01638,2026-04-23,Surabaya,Accessories,Wireless Mouse,245000,5,1225000,E-Wallet,M,41.0,5.0,Regular,878000
TRX01290,2026-04-23,Malang,Home Appliances,Electric Fan,919000,5,4595000,E-Wallet,F,44.0,5.0,Regular,2407000
TRX01200,2026-04-23,Jakarta,Accessories,Powerbank 10000mAh,88000,2,176000,Debit Card,M,47.0,3.0,Regular,267000
TRX01211,2026-04-23,Bandung,Smartphone,Smartphone Air,2656000,2,5312000,E-Wallet,F,20.0,4.0,Regular,1175000
TRX01554,2026-04-23,Jakarta,Laptop,Laptop ProBook,6651000,1,6651000,Credit Card,F,31.0,5.0,Regular,2251000
TRX00343,2026-04-23,Malang,Accessories,Powerbank 10000mAh,91000,1,91000,E-Wallet,M,35.0,4.0,Regular,2485000
TRX00245,2026-04-24,Bandung,Smartphone,Smartphone Z5,3680000,3,11040000,Credit Card,M,32.0,,Regular,917000
TRX01171,2026-04-24,Jakarta,Home Appliances,TV LED 32in,4071000,4,16284000,E-Wallet,M,24.0,4.0,Regular,839000
TRX00599,2026-04-24,Bandung,Laptop,Laptop ProBook,13602000,4,54408000,E-Wallet,M,36.0,5.0,Regular,1678000
TRX01753,2026-04-24,Jakarta,Smartphone,Smartphone Air,6368000,1,6368000,Debit Card,F,27.0,5.0,Regular,774000
TRX01755,2026-04-24,Jakarta,Accessories,Bluetooth Earphones,193000,3,579000,E-Wallet,F,29.0,4.0,Regular,256000
TRX02128,2026-04-24,Malang,Accessories,Phone Case,326000,4,1304000,Debit Card,M,27.0,1.0,Regular,632000
TRX00240,2026-04-24,Surabaya,Smartphone,Smartphone NovaLite,1901000,2,3802000,Debit Card,M,42.0,5.0,Regular,2853000
TRX02179,2026-04-24,Surabaya,Smartphone,Smartphone Z5,5582000,1,5582000,Cash,F,38.0,4.0,Regular,1024000
TRX00085,2026-04-24,Malang,Laptop,Laptop A14,10450000,3,31350000,Cash,F,48.0,1.0,Regular,307000
TRX00996,2026-04-24,Surabaya,Smartphone,Smartphone MaxEdge,7308000,1,7308000,E-Wallet,M,,2.0,Regular,2997000
TRX00458,2026-04-25,Surabaya,Smartphone,Smartphone MaxEdge,7269000,5,36345000,Credit Card,M,30.0,3.0,Regular,2760000
TRX00658,2026-04-25,Bandung,Home Appliances,TV LED 32in,4602000,2,9204000,Debit Card,M,24.0,5.0,Regular,359000
TRX00040,2026-04-25,Jakarta,Smartphone,Smartphone Z5,5461000,1,5461000,Cash,M,39.0,3.0,Regular,349000
TRX00130,2026-04-25,Malang,Accessories,Wireless Mouse,177000,3,531000,E-Wallet,F,41.0,5.0,Regular,1586000
TRX02158,2026-04-25,Surabaya,Accessories,Powerbank 10000mAh,394000,1,394000,E-Wallet,F,46.0,5.0,Regular,1239000
TRX00192,2026-04-25,Jakarta,Laptop,Laptop ProBook,9554000,1,9554000,E-Wallet,M,35.0,4.0,Regular,2377000
TRX01417,2026-04-25,Malang,Smartphone,Smartphone Air,5118000,1,5118000,Debit Card,F,21.0,5.0,Regular,514000
TRX01172,2026-04-25,Jakarta,Smartphone,Smartphone Z5,7024000,1,7024000,Debit Card,M,33.0,,Regular,1601000
TRX02010,2026-04-25,Bandung,Smartphone,Smartphone Air,5825000,3,17475000,Credit Card,M,34.0,4.0,Regular,2637000
TRX00475,2026-04-25,Malang,Accessories,Wireless Mouse,238000,4,952000,E-Wallet,M,30.0,3.0,Regular,633000
TRX00743,2026-04-25,Malang,Laptop,Laptop ProBook,13232000,3,39696000,Debit Card,F,26.0,5.0,Regular,416000
TRX01111,2026-04-25,Bandung,Smartphone,Smartphone MaxEdge,2198000,1,2198000,E-Wallet,M,32.0,4.0,Regular,955000
TRX00880,2026-04-25,Malang,Home Appliances,TV LED 32in,3265000,4,13060000,Debit Card,F,38.0,4.0,Regular,1565000
TRX00958,2026-04-25,Surabaya,Smartphone,Smartphone MaxEdge,7579000,1,7579000,Debit Card,M,43.0,5.0,Regular,233000
TRX01196,2026-04-25,Malang,Smartphone,Smartphone NovaLite,4432000,2,8864000,Cash,M,27.0,4.0,Regular,1264000
TRX01370,2026-04-25,Surabaya,Smartphone,Smartphone Z5,2420000,3,7260000,E-Wallet,F,30.0,5.0,Regular,1461000
TRX02185,2026-04-25,Malang,Home Appliances,TV LED 32in,4080000,4,16320000,Debit Card,M,25.0,3.0,Regular,1001000
TRX00341,2026-04-25,Malang,Smartphone,Smartphone Z5,4055000,5,20275000,E-Wallet,F,32.0,,Regular,626000
TRX01235,2026-04-26,Surabaya,Smartphone,Smartphone NovaLite,7777000,3,23331000,Cash,F,38.0,5.0,Regular,1651000
TRX01337,2026-04-26,Surabaya,Smartphone,Smartphone Air,1515000,5,7575000,Credit Card,M,25.0,5.0,Regular,1714000
TRX01994,2026-04-26,Bandung,Accessories,Wireless Mouse,192000,2,384000,Cash,M,28.0,5.0,Regular,1066000
TRX01467,2026-04-26,Malang,Accessories,Powerbank 10000mAh,343000,3,1029000,Debit Card,M,,,Regular,2579000
TRX00673,2026-04-26,Jakarta,Smartphone,Smartphone MaxEdge,2813000,2,5626000,Credit Card,F,33.0,4.0,Regular,2184000
TRX01585,2026-04-26,Malang,Home Appliances,Electric Fan,5953000,5,29765000,Debit Card,F,38.0,2.0,Regular,1396000
TRX01985,2026-04-26,Jakarta,Laptop,Laptop A14,8621000,3,25863000,E-Wallet,F,18.0,3.0,Regular,2064000
TRX00920,2026-04-26,Surabaya,Accessories,Wireless Mouse,208000,3,624000,Debit Card,F,44.0,3.0,Regular,1795000
TRX01128,2026-04-26,Malang,Laptop,Laptop A14,8135000,3,24405000,E-Wallet,M,46.0,4.0,Regular,2626000
TRX00616,2026-04-26,Jakarta,Smartphone,Smartphone MaxEdge,5229000,1,5229000,Credit Card,M,26.0,5.0,Regular,934000
TRX00099,2026-04-26,Malang,Accessories,Bluetooth Earphones,93000,3,279000,Debit Card,F,21.0,5.0,Regular,2365000
TRX00782,2026-04-26,Jakarta,Smartphone,Smartphone Z5,3463000,2,6926000,Debit Card,F,21.0,5.0,Regular,1561000
TRX00026,2026-04-27,Surabaya,Accessories,Phone Case,108000,1,108000,E-Wallet,F,39.0,4.0,Regular,2697000
TRX00569,2026-04-27,Malang,Accessories,Phone Case,122000,4,488000,Cash,F,18.0,4.0,Regular,2125000
TRX01715,2026-04-27,Malang,Laptop,Laptop A14,13159000,5,65795000,Debit Card,F,38.0,5.0,Regular,1587000
TRX00600,2026-04-27,Jakarta,Laptop,Laptop X1,5342000,1,5342000,Cash,F,44.0,4.0,Regular,2388000
TRX02184,2026-04-27,Malang,Smartphone,Smartphone MaxEdge,2504000,4,10016000,E-Wallet,F,55.0,4.0,Regular,1283000
TRX01717,2026-04-27,Malang,Smartphone,Smartphone MaxEdge,7264000,4,29056000,E-Wallet,F,27.0,4.0,Regular,488000
TRX01068,2026-04-27,Surabaya,Smartphone,Smartphone Air,5298000,5,26490000,Debit Card,F,38.0,4.0,Regular,2666000
TRX01221,2026-04-28,Malang,Laptop,Laptop X1,11195000,4,44780000,E-Wallet,F,35.0,4.0,Regular,467000
TRX02015,2026-04-28,Surabaya,Smartphone,Smartphone Z5,3309000,5,16545000,E-Wallet,F,18.0,4.0,Regular,1757000
TRX01205,2026-04-28,Surabaya,Laptop,Laptop UltraSlim,14946000,4,59784000,Cash,F,46.0,5.0,Regular,497000
TRX01887,2026-04-28,Malang,Laptop,Laptop X1,11407000,4,45628000,Cash,M,,5.0,Regular,2487000
TRX00984,2026-04-28,Malang,Laptop,Laptop UltraSlim,11354000,5,56770000,Debit Card,F,35.0,5.0,Regular,2997000
TRX00824,2026-04-28,Surabaya,Smartphone,Smartphone NovaLite,1892000,4,7568000,E-Wallet,F,49.0,5.0,Regular,1499000
TRX01089,2026-04-28,Malang,Accessories,Powerbank 10000mAh,400000,4,1600000,Credit Card,F,38.0,5.0,Regular,1835000
TRX00244,2026-04-28,Surabaya,Laptop,Laptop ProBook,9798000,4,39192000,Debit Card,F,26.0,,Regular,2093000
TRX00934,2026-04-28,Surabaya,Accessories,Phone Case,226000,4,904000,Debit Card,F,33.0,2.0,Regular,1664000
TRX01255,2026-04-28,Surabaya,Smartphone,Smartphone Z5,3142000,4,12568000,E-Wallet,F,18.0,4.0,Regular,865000
TRX00771,2026-04-28,Surabaya,Smartphone,Smartphone Air,3080000,5,15400000,Credit Card,F,21.0,4.0,Regular,1758000
TRX02072,2026-04-28,Jakarta,Home Appliances,Electric Fan,5702000,1,5702000,Debit Card,M,19.0,3.0,Regular,210000
TRX01130,2026-04-28,Jakarta,Laptop,Laptop A14,7776000,1,7776000,Debit Card,M,32.0,4.0,Regular,2413000
TRX00502,2026-04-28,Malang,Laptop,Laptop X1,14582000,1,14582000,E-Wallet,M,48.0,3.0,Regular,1925000
TRX01723,2026-04-29,Malang,Home Appliances,TV LED 32in,814000,5,4070000,Cash,M,37.0,4.0,Regular,1161000
TRX00003,2026-04-29,Jakarta,Smartphone,Smartphone Z5,3626000,2,7252000,Cash,F,22.0,3.0,Regular,740000
TRX01438,2026-04-29,Surabaya,Laptop,Laptop A14,12760000,1,12760000,E-Wallet,M,27.0,4.0,Regular,1524000
TRX01693,2026-04-29,Jakarta,Accessories,Powerbank 10000mAh,414000,1,414000,E-Wallet,F,30.0,5.0,Regular,2997000
TRX00652,2026-04-29,Malang,Home Appliances,Rice Cooker,3153000,1,3153000,Cash,F,34.0,5.0,Regular,2142000
TRX01398,2026-04-29,Malang,Smartphone,Smartphone Air,7957000,1,7957000,Credit Card,M,48.0,4.0,Regular,2009000
TRX00123,2026-04-29,Bandung,Accessories,Wireless Mouse,175000,3,525000,Debit Card,M,45.0,4.0,Regular,1660000
TRX00986,2026-04-29,Malang,Laptop,Laptop X1,6420000,5,32100000,Debit Card,M,31.0,4.0,Regular,2594000
TRX01224,2026-04-29,Malang,Home Appliances,TV LED 32in,1845000,3,5535000,Credit Card,F,18.0,3.0,Regular,1365000
TRX02086,2026-04-29,Malang,Accessories,Bluetooth Earphones,97000,4,388000,E-Wallet,F,44.0,5.0,Regular,1548000
TRX02195,2026-04-29,Surabaya,Home Appliances,Rice Cooker,1541000,4,6164000,Credit Card,F,26.0,4.0,Regular,288000
TRX00842,2026-04-29,Surabaya,Smartphone,Smartphone MaxEdge,6747000,3,20241000,E-Wallet,F,18.0,5.0,Regular,1784000
TRX01277,2026-04-29,Bandung,Accessories,Wireless Mouse,250000,5,1250000,E-Wallet,M,30.0,3.0,Regular,1912000
TRX01812,2026-04-29,Malang,Accessories,Phone Case,456000,1,456000,Debit Card,M,26.0,4.0,Regular,1518000
TRX01597,2026-04-30,Jakarta,Laptop,Laptop A14,12192000,5,60960000,Credit Card,F,30.0,3.0,Regular,2308000
TRX01959,2026-04-30,Malang,Smartphone,Smartphone Z5,3662000,1,3662000,Debit Card,F,30.0,4.0,Regular,2930000
TRX00156,2026-04-30,Bandung,Accessories,Phone Case,388000,2,776000,Debit Card,M,26.0,5.0,Regular,2023000
TRX02050,2026-04-30,Malang,Laptop,Laptop X1,6891000,1,6891000,Debit Card,M,38.0,,Regular,2302000
TRX02023,2026-04-30,Surabaya,Home Appliances,2-Door Refrigerator,1358000,2,2716000,Cash,M,21.0,5.0,Regular,2776000
TRX02088,2026-04-30,Bandung,Laptop,Laptop A14,11975000,5,59875000,Credit Card,M,34.0,3.0,Regular,1863000
TRX00316,2026-04-30,Jakarta,Accessories,Powerbank 10000mAh,104000,1,104000,Credit Card,M,31.0,5.0,Regular,303000
TRX00255,2026-04-30,Bandung,Smartphone,Smartphone Air,5209000,3,15627000,Debit Card,M,40.0,4.0,Regular,2210000
TRX01981,2026-04-30,Malang,Home Appliances,2-Door Refrigerator,4088000,3,12264000,Cash,M,36.0,4.0,Regular,2215000
TRX00446,2026-04-30,Surabaya,Accessories,Phone Case,182000,2,364000,Debit Card,M,22.0,,Regular,2599000
TRX02022,2026-04-30,Surabaya,Accessories,Powerbank 10000mAh,62000,4,248000,Debit Card,F,26.0,4.0,Regular,2753000
TRX00372,2026-04-30,Malang,Accessories,Phone Case,248000,2,496000,Cash,F,39.0,4.0,Regular,1760000
TRX00730,2026-04-30,Surabaya,Home Appliances,TV LED 32in,1777000,2,3554000,E-Wallet,F,45.0,4.0,Regular,330000
TRX00311,2026-05-01,Jakarta,Accessories,Wireless Mouse,99000,1,99000,E-Wallet,M,30.0,2.0,Regular,1134000
TRX00237,2026-05-01,Malang,Laptop,Laptop UltraSlim,14619000,2,29238000,Debit Card,F,33.0,4.0,Regular,1628000
TRX00819,2026-05-01,Surabaya,Smartphone,Smartphone Air,5961000,4,23844000,Debit Card,F,46.0,4.0,Regular,2335000
TRX00122,2026-05-01,Malang,Smartphone,Smartphone Air,7400000,5,37000000,Credit Card,F,33.0,5.0,Regular,2453000
TRX00822,2026-05-01,Surabaya,Accessories,Powerbank 10000mAh,154000,4,616000,E-Wallet,F,42.0,,Regular,496000
TRX00108,2026-05-01,Surabaya,Smartphone,Smartphone NovaLite,4739000,3,14217000,Debit Card,F,39.0,3.0,Regular,2097000
TRX02102,2026-05-01,Bandung,Laptop,Laptop UltraSlim,10805000,3,32415000,Debit Card,M,45.0,2.0,Regular,2268000
TRX01049,2026-05-01,Jakarta,Smartphone,Smartphone Z5,7962000,2,15924000,E-Wallet,M,38.0,3.0,Regular,1941000
TRX01648,2026-05-01,Malang,Accessories,Powerbank 10000mAh,275000,3,825000,Debit Card,F,,4.0,Regular,2017000
TRX02084,2026-05-01,Malang,Laptop,Laptop UltraSlim,8633000,1,8633000,E-Wallet,F,33.0,,Regular,2965000
TRX00162,2026-05-01,Surabaya,Accessories,Phone Case,427000,5,2135000,Cash,F,,4.0,Regular,2591000
TRX00479,2026-05-01,Bandung,Accessories,Wireless Mouse,52000,3,156000,Debit Card,F,49.0,4.0,Regular,929000
TRX00283,2026-05-02,Surabaya,Smartphone,Smartphone Z5,4989000,2,9978000,Cash,M,50.0,4.0,Regular,564000
TRX01306,2026-05-02,Malang,Smartphone,Smartphone Z5,6905000,5,34525000,Cash,M,45.0,4.0,Regular,1254000
TRX01813,2026-05-02,Surabaya,Accessories,Powerbank 10000mAh,387000,5,1935000,E-Wallet,F,25.0,5.0,Regular,2792000
TRX00312,2026-05-02,Bandung,Smartphone,Smartphone Air,4798000,2,9596000,Debit Card,M,34.0,4.0,Regular,2850000
TRX01132,2026-05-02,Jakarta,Home Appliances,2-Door Refrigerator,4449000,2,8898000,Debit Card,F,35.0,4.0,Regular,1000000
TRX00080,2026-05-02,Malang,Home Appliances,Rice Cooker,5081000,3,15243000,Cash,F,44.0,5.0,Regular,2701000
TRX00736,2026-05-02,Malang,Smartphone,Smartphone Air,6130000,1,6130000,Debit Card,F,37.0,4.0,Regular,2928000
TRX01613,2026-05-02,Malang,Smartphone,Smartphone MaxEdge,2745000,3,8235000,Debit Card,F,45.0,4.0,Regular,2855000
TRX00859,2026-05-02,Jakarta,Smartphone,Smartphone Air,4379000,2,8758000,Cash,F,,4.0,Regular,2094000
TRX01427,2026-05-02,Bandung,Accessories,Wireless Mouse,125000,1,125000,Credit Card,M,20.0,3.0,Regular,585000
TRX00641,2026-05-02,Malang,Laptop,Laptop A14,12358000,4,49432000,Debit Card,M,24.0,4.0,Regular,1502000
TRX01274,2026-05-03,Malang,Smartphone,Smartphone MaxEdge,6181000,1,6181000,Debit Card,M,41.0,3.0,Regular,2332000
TRX00049,2026-05-03,Surabaya,Accessories,Bluetooth Earphones,285000,4,1140000,Debit Card,F,,,Regular,1182000
TRX01668,2026-05-03,Jakarta,Smartphone,Smartphone MaxEdge,7913000,1,7913000,Cash,F,48.0,4.0,Regular,2192000
TRX01071,2026-05-03,Surabaya,Smartphone,Smartphone NovaLite,5249000,5,26245000,E-Wallet,M,29.0,4.0,Regular,2593000
TRX01298,2026-05-03,Malang,Laptop,Laptop ProBook,10773000,5,53865000,E-Wallet,M,38.0,3.0,Regular,310000
TRX01327,2026-05-03,Malang,Accessories,Wireless Mouse,76000,1,76000,E-Wallet,F,37.0,5.0,Regular,2721000
TRX01424,2026-05-03,Jakarta,Accessories,Wireless Mouse,394000,5,1970000,Debit Card,F,39.0,4.0,Regular,2702000
TRX02112,2026-05-03,Jakarta,Accessories,Powerbank 10000mAh,233000,4,932000,E-Wallet,F,34.0,5.0,Regular,2831000
TRX00257,2026-05-03,Surabaya,Smartphone,Smartphone Z5,1537000,2,3074000,Debit Card,F,20.0,5.0,Regular,1110000
TRX00416,2026-05-03,Malang,Accessories,Wireless Mouse,236000,3,708000,E-Wallet,F,25.0,5.0,Regular,1118000
TRX02034,2026-05-03,Malang,Laptop,Laptop X1,7748000,4,30992000,Credit Card,F,50.0,4.0,Regular,744000
TRX01329,2026-05-03,Jakarta,Laptop,Laptop UltraSlim,12274000,1,12274000,Cash,F,,5.0,Regular,2904000
TRX00711,2026-05-03,Malang,Smartphone,Smartphone Z5,5893000,3,17679000,Debit Card,M,36.0,2.0,Regular,1152000
TRX00060,2026-05-04,Jakarta,Accessories,Powerbank 10000mAh,167000,1,167000,Credit Card,M,36.0,2.0,Regular,2906000
TRX01703,2026-05-04,Malang,Accessories,Wireless Mouse,483000,5,2415000,Cash,M,35.0,5.0,Regular,1574000
TRX01780,2026-05-04,Malang,Accessories,Powerbank 10000mAh,463000,3,1389000,Debit Card,F,18.0,5.0,Regular,1977000
TRX01973,2026-05-04,Jakarta,Accessories,Powerbank 10000mAh,63000,5,315000,E-Wallet,F,32.0,5.0,Regular,473000
TRX00827,2026-05-04,Surabaya,Smartphone,Smartphone NovaLite,7539000,5,37695000,E-Wallet,F,51.0,5.0,Regular,2026000
TRX01696,2026-05-04,Surabaya,Laptop,Laptop UltraSlim,6125000,1,6125000,Cash,F,18.0,5.0,Regular,982000
TRX00098,2026-05-04,Jakarta,Laptop,Laptop ProBook,14568000,2,29136000,Debit Card,M,31.0,4.0,Regular,730000
TRX01510,2026-05-04,Surabaya,Smartphone,Smartphone MaxEdge,2898000,2,5796000,E-Wallet,F,18.0,4.0,Regular,916000
TRX00813,2026-05-04,Bandung,Accessories,Bluetooth Earphones,169000,4,676000,Debit Card,M,23.0,3.0,Regular,713000
TRX00550,2026-05-04,Jakarta,Smartphone,Smartphone Air,5399000,2,10798000,Debit Card,M,32.0,4.0,Regular,2916000
TRX00191,2026-05-04,Surabaya,Smartphone,Smartphone Air,1893000,2,3786000,Credit Card,M,39.0,2.0,Regular,1910000
TRX00075,2026-05-05,Surabaya,Smartphone,Smartphone NovaLite,5836000,4,23344000,Credit Card,F,39.0,4.0,Regular,2860000
TRX01547,2026-05-05,Jakarta,Laptop,Laptop ProBook,8249000,3,24747000,E-Wallet,F,36.0,3.0,Regular,2669000
TRX01062,2026-05-05,Malang,Smartphone,Smartphone Z5,4622000,5,23110000,Debit Card,M,27.0,,Regular,2468000
TRX00587,2026-05-05,Surabaya,Home Appliances,Rice Cooker,2987000,5,14935000,Cash,F,24.0,4.0,Regular,351000
TRX00636,2026-05-05,Jakarta,Smartphone,Smartphone NovaLite,3846000,2,7692000,E-Wallet,F,33.0,5.0,Regular,413000
TRX01149,2026-05-05,Surabaya,Smartphone,Smartphone NovaLite,7292000,4,29168000,Cash,F,25.0,3.0,Regular,502000
TRX00615,2026-05-05,Surabaya,Smartphone,Smartphone Air,2393000,2,4786000,Cash,F,34.0,2.0,Regular,1631000
TRX00788,2026-05-05,Malang,Accessories,Wireless Mouse,170000,2,340000,Cash,F,35.0,4.0,Regular,1538000
TRX02136,2026-05-05,Malang,Laptop,Laptop X1,14058000,4,56232000,E-Wallet,F,26.0,4.0,Regular,1062000
TRX01614,2026-05-06,Malang,Home Appliances,2-Door Refrigerator,5115000,2,10230000,Credit Card,M,,2.0,Regular,1402000
TRX00422,2026-05-06,Surabaya,Smartphone,Smartphone MaxEdge,3121000,4,12484000,E-Wallet,F,25.0,4.0,Regular,434000
TRX01183,2026-05-06,Surabaya,Accessories,Phone Case,483000,1,483000,Cash,F,34.0,3.0,Regular,2332000
TRX00666,2026-05-06,Malang,Laptop,Laptop ProBook,5950000,5,29750000,Debit Card,F,49.0,4.0,Regular,1601000
TRX00941,2026-05-06,Malang,Accessories,Wireless Mouse,303000,3,909000,Cash,M,26.0,,Regular,2034000
TRX00204,2026-05-07,Malang,Accessories,Powerbank 10000mAh,385000,4,1540000,Debit Card,F,18.0,4.0,Regular,2927000
TRX01303,2026-05-07,Jakarta,Home Appliances,Rice Cooker,3282000,4,13128000,E-Wallet,M,45.0,5.0,Regular,1053000
TRX00875,2026-05-07,Malang,Accessories,Wireless Mouse,84000,4,336000,E-Wallet,M,,3.0,Regular,1021000
TRX02075,2026-05-07,Jakarta,Accessories,Powerbank 10000mAh,75000,3,225000,Credit Card,F,38.0,4.0,Regular,1512000
TRX02141,2026-05-07,Bandung,Laptop,Laptop X1,5271000,3,15813000,E-Wallet,F,44.0,,Regular,730000
TRX00086,2026-05-07,Jakarta,Accessories,Wireless Mouse,306000,2,612000,Debit Card,F,34.0,,Regular,1329000
TRX00932,2026-05-07,Surabaya,Laptop,Laptop X1,9167000,5,45835000,Cash,M,34.0,4.0,Regular,2199000
TRX00043,2026-05-07,Jakarta,Laptop,Laptop A14,7234000,2,14468000,Cash,M,39.0,4.0,Regular,2227000
TRX01472,2026-05-07,Surabaya,Smartphone,Smartphone NovaLite,6409000,2,12818000,Debit Card,M,43.0,5.0,Regular,330000
TRX00175,2026-05-07,Malang,Smartphone,Smartphone Air,6065000,2,12130000,Debit Card,F,36.0,1.0,Regular,2491000
TRX02120,2026-05-07,Surabaya,Smartphone,Smartphone MaxEdge,7310000,1,7310000,Debit Card,F,38.0,4.0,Regular,1071000
TRX01348,2026-05-07,Surabaya,Laptop,Laptop UltraSlim,6787000,4,27148000,Cash,F,36.0,3.0,Regular,1932000
TRX00866,2026-05-07,Malang,Laptop,Laptop UltraSlim,14314000,3,42942000,E-Wallet,M,43.0,1.0,Regular,2674000
TRX00008,2026-05-07,Surabaya,Laptop,Laptop ProBook,14715000,2,29430000,Cash,F,39.0,4.0,Regular,1006000
TRX02181,2026-05-07,Jakarta,Laptop,Laptop UltraSlim,8980000,5,44900000,E-Wallet,M,43.0,4.0,Regular,578000
TRX00184,2026-05-07,Jakarta,Smartphone,Smartphone NovaLite,3728000,2,7456000,Credit Card,M,31.0,4.0,Regular,855000
TRX01733,2026-05-07,Surabaya,Laptop,Laptop UltraSlim,6041000,2,12082000,Cash,M,29.0,5.0,Regular,1717000
TRX00223,2026-05-08,Malang,Laptop,Laptop X1,11319000,1,11319000,Debit Card,F,47.0,4.0,Regular,1740000
TRX01539,2026-05-08,Jakarta,Laptop,Laptop ProBook,5469000,1,5469000,E-Wallet,M,46.0,2.0,Regular,799000
TRX01041,2026-05-08,Bandung,Laptop,Laptop A14,8196000,2,16392000,Credit Card,F,38.0,4.0,Regular,2760000
TRX01595,2026-05-08,Bandung,Accessories,Bluetooth Earphones,365000,2,730000,Debit Card,M,21.0,,Regular,989000
TRX00110,2026-05-08,Surabaya,Laptop,Laptop X1,7476000,3,22428000,Debit Card,M,39.0,5.0,Regular,747000
TRX01064,2026-05-08,Surabaya,Home Appliances,Electric Fan,2888000,2,5776000,Cash,F,33.0,5.0,Regular,1187000
TRX00982,2026-05-08,Malang,Smartphone,Smartphone MaxEdge,6320000,5,31600000,Debit Card,F,38.0,5.0,Regular,734000
TRX02155,2026-05-08,Malang,Home Appliances,2-Door Refrigerator,2488000,2,4976000,E-Wallet,F,33.0,4.0,Regular,883000
TRX01194,2026-05-08,Surabaya,Laptop,Laptop ProBook,12603000,2,25206000,E-Wallet,M,25.0,1.0,Regular,2379000
TRX00906,2026-05-09,Bandung,Accessories,Phone Case,104000,5,520000,Cash,F,44.0,5.0,Regular,645000
TRX01317,2026-05-09,Malang,Laptop,Laptop UltraSlim,14402000,4,57608000,E-Wallet,M,19.0,5.0,Regular,1013000
TRX00892,2026-05-09,Jakarta,Accessories,Powerbank 10000mAh,235000,5,1175000,Credit Card,F,47.0,,Regular,885000
TRX01522,2026-05-09,Bandung,Smartphone,Smartphone Z5,7226000,1,7226000,Debit Card,M,33.0,3.0,Regular,825000
TRX01600,2026-05-09,Bandung,Accessories,Powerbank 10000mAh,331000,2,662000,Cash,F,34.0,2.0,Regular,2943000
TRX00541,2026-05-09,Jakarta,Accessories,Bluetooth Earphones,455000,2,910000,Cash,F,18.0,2.0,Regular,511000
TRX01077,2026-05-09,Surabaya,Accessories,Powerbank 10000mAh,295000,1,295000,Cash,M,33.0,5.0,Regular,759000
TRX01045,2026-05-09,Surabaya,Accessories,Powerbank 10000mAh,360000,1,360000,E-Wallet,M,,2.0,Regular,1643000
TRX01894,2026-05-09,Surabaya,Accessories,Phone Case,485000,3,1455000,E-Wallet,M,36.0,1.0,Regular,1960000
TRX01197,2026-05-10,Jakarta,Smartphone,Smartphone MaxEdge,7133000,1,7133000,Cash,F,25.0,3.0,Regular,470000
TRX00177,2026-05-10,Malang,Accessories,Wireless Mouse,347000,3,1041000,Debit Card,M,39.0,4.0,Regular,1659000
TRX01332,2026-05-10,Jakarta,Smartphone,Smartphone NovaLite,7700000,1,7700000,E-Wallet,M,21.0,1.0,Regular,1112000
TRX00774,2026-05-10,Bandung,Laptop,Laptop X1,11289000,1,11289000,E-Wallet,M,41.0,5.0,Regular,1109000
TRX00015,2026-05-10,Bandung,Smartphone,Smartphone MaxEdge,6642000,2,13284000,E-Wallet,M,,4.0,Regular,1974000
TRX02131,2026-05-10,Surabaya,Smartphone,Smartphone Air,3971000,3,11913000,E-Wallet,M,24.0,4.0,Regular,466000
TRX01276,2026-05-10,Malang,Laptop,Laptop UltraSlim,10701000,1,10701000,Credit Card,M,42.0,4.0,Regular,2613000
TRX01675,2026-05-10,Jakarta,Smartphone,Smartphone MaxEdge,6441000,1,6441000,Debit Card,F,,,Regular,972000
TRX00430,2026-05-10,Malang,Accessories,Wireless Mouse,486000,2,972000,Debit Card,F,40.0,2.0,Regular,1063000
TRX00212,2026-05-10,Bandung,Accessories,Powerbank 10000mAh,343000,3,1029000,Debit Card,F,26.0,5.0,Regular,2880000
TRX02055,2026-05-10,Malang,Home Appliances,Rice Cooker,857000,3,2571000,E-Wallet,F,41.0,3.0,Regular,640000
TRX00174,2026-05-11,Surabaya,Smartphone,Smartphone MaxEdge,1893000,4,7572000,Cash,F,22.0,5.0,Regular,936000
TRX01903,2026-05-11,Malang,Laptop,Laptop X1,14288000,2,28576000,E-Wallet,M,29.0,4.0,Regular,2318000
TRX01641,2026-05-11,Malang,Home Appliances,2-Door Refrigerator,876000,3,2628000,Debit Card,M,41.0,4.0,Regular,401000
TRX00727,2026-05-11,Surabaya,Accessories,Phone Case,187000,4,748000,E-Wallet,F,37.0,4.0,Regular,2759000
TRX02064,2026-05-11,Jakarta,Home Appliances,TV LED 32in,2361000,4,9444000,E-Wallet,M,49.0,5.0,Regular,1501000
TRX01119,2026-05-11,Bandung,Laptop,Laptop X1,10300000,2,20600000,E-Wallet,M,29.0,2.0,Regular,1999000
TRX00697,2026-05-11,Surabaya,Laptop,Laptop UltraSlim,8880000,1,8880000,E-Wallet,F,21.0,5.0,Regular,1555000
TRX00681,2026-05-11,Malang,Laptop,Laptop X1,9864000,5,49320000,Debit Card,F,29.0,5.0,Regular,576000
TRX00236,2026-05-11,Bandung,Accessories,Wireless Mouse,382000,2,764000,Cash,M,31.0,5.0,Regular,753000
TRX00225,2026-05-11,Surabaya,Smartphone,Smartphone Air,4996000,3,14988000,Debit Card,M,51.0,4.0,Regular,2366000
TRX01750,2026-05-11,Surabaya,Home Appliances,TV LED 32in,4792000,3,14376000,E-Wallet,M,30.0,5.0,Regular,1074000
TRX01208,2026-05-11,Surabaya,Laptop,Laptop UltraSlim,6976000,1,6976000,Debit Card,F,46.0,5.0,Regular,965000
TRX00395,2026-05-11,Surabaya,Accessories,Bluetooth Earphones,144000,4,576000,E-Wallet,F,21.0,4.0,Regular,553000
TRX00793,2026-05-11,Surabaya,Accessories,Powerbank 10000mAh,442000,4,1768000,Cash,F,22.0,5.0,Regular,1629000
TRX00461,2026-05-11,Bandung,Home Appliances,Rice Cooker,5792000,3,17376000,Credit Card,M,42.0,5.0,Regular,656000
TRX02019,2026-05-11,Malang,Smartphone,Smartphone Air,6860000,4,27440000,Debit Card,F,50.0,5.0,Regular,2172000
TRX01670,2026-05-12,Bandung,Accessories,Powerbank 10000mAh,456000,5,2280000,Credit Card,M,19.0,4.0,Regular,2773000
TRX01598,2026-05-12,Malang,Smartphone,Smartphone Air,5547000,4,22188000,Debit Card,M,48.0,5.0,Regular,1765000
TRX00713,2026-05-12,Jakarta,Home Appliances,Rice Cooker,2750000,3,8250000,E-Wallet,F,20.0,5.0,Regular,2737000
TRX01137,2026-05-12,Malang,Accessories,Phone Case,354000,2,708000,Credit Card,M,24.0,5.0,Regular,1639000
TRX01879,2026-05-12,Jakarta,Smartphone,Smartphone Air,2611000,3,7833000,E-Wallet,F,29.0,5.0,Regular,795000
TRX01785,2026-05-12,Surabaya,Home Appliances,TV LED 32in,4150000,1,4150000,E-Wallet,F,36.0,4.0,Regular,640000
TRX02018,2026-05-12,Jakarta,Home Appliances,Rice Cooker,5436000,3,16308000,E-Wallet,M,,3.0,Regular,648000
TRX00318,2026-05-12,Surabaya,Laptop,Laptop UltraSlim,14811000,3,44433000,Debit Card,F,,1.0,Regular,1228000
TRX02067,2026-05-12,Malang,Smartphone,Smartphone Z5,3139000,3,9417000,Debit Card,M,28.0,4.0,Regular,2215000
TRX00731,2026-05-12,Surabaya,Smartphone,Smartphone Air,6987000,4,27948000,E-Wallet,M,18.0,,Regular,718000
TRX00676,2026-05-12,Surabaya,Laptop,Laptop ProBook,7046000,4,28184000,E-Wallet,F,43.0,2.0,Regular,468000
TRX01009,2026-05-13,Surabaya,Home Appliances,TV LED 32in,1401000,2,2802000,Debit Card,F,23.0,3.0,Regular,1387000
TRX01232,2026-05-13,Surabaya,Smartphone,Smartphone Z5,4244000,4,16976000,Cash,M,32.0,5.0,Regular,1127000
TRX00737,2026-05-13,Malang,Smartphone,Smartphone Air,4918000,5,24590000,Debit Card,M,18.0,3.0,Regular,208000
TRX02087,2026-05-13,Jakarta,Laptop,Laptop A14,12826000,3,38478000,Debit Card,F,34.0,4.0,Regular,2718000
TRX00886,2026-05-13,Bandung,Accessories,Powerbank 10000mAh,298000,5,1490000,E-Wallet,M,27.0,5.0,Regular,2653000
TRX01724,2026-05-13,Bandung,Accessories,Phone Case,384000,2,768000,Credit Card,F,35.0,4.0,Regular,1406000
TRX01218,2026-05-13,Jakarta,Smartphone,Smartphone Z5,5353000,3,16059000,Debit Card,M,29.0,5.0,Regular,2859000
TRX00760,2026-05-13,Malang,Accessories,Bluetooth Earphones,395000,3,1185000,Debit Card,F,34.0,2.0,Regular,1555000
TRX01573,2026-05-13,Surabaya,Accessories,Bluetooth Earphones,461000,1,461000,E-Wallet,F,24.0,4.0,Regular,2966000
TRX02057,2026-05-13,Malang,Smartphone,Smartphone Z5,4401000,4,17604000,Debit Card,F,48.0,3.0,Regular,1899000
TRX01714,2026-05-13,Malang,Accessories,Bluetooth Earphones,120000,2,240000,E-Wallet,F,30.0,5.0,Regular,742000
TRX01349,2026-05-13,Surabaya,Smartphone,Smartphone NovaLite,1916000,1,1916000,Debit Card,M,29.0,,Regular,1158000
TRX00317,2026-05-13,Surabaya,Smartphone,Smartphone Z5,7848000,5,39240000,Cash,F,40.0,2.0,Regular,1206000
TRX01033,2026-05-13,Bandung,Laptop,Laptop X1,5523000,1,5523000,E-Wallet,F,43.0,1.0,Regular,1074000
TRX00603,2026-05-14,Surabaya,Accessories,Wireless Mouse,303000,1,303000,Debit Card,M,,4.0,Regular,2190000
TRX01002,2026-05-14,Malang,Accessories,Phone Case,113000,2,226000,Debit Card,F,28.0,5.0,Regular,1762000
TRX01860,2026-05-14,Bandung,Smartphone,Smartphone NovaLite,7535000,2,15070000,Debit Card,M,30.0,5.0,Regular,1894000
TRX01861,2026-05-14,Jakarta,Home Appliances,2-Door Refrigerator,2074000,2,4148000,E-Wallet,F,37.0,1.0,Regular,254000
TRX00757,2026-05-14,Malang,Smartphone,Smartphone NovaLite,6635000,5,33175000,Debit Card,M,19.0,5.0,Regular,1676000
TRX00013,2026-05-14,Jakarta,Smartphone,Smartphone Air,7029000,4,28116000,E-Wallet,F,45.0,4.0,Regular,1108000
TRX00557,2026-05-14,Malang,Accessories,Bluetooth Earphones,474000,3,1422000,Debit Card,M,25.0,2.0,Regular,2211000
TRX00739,2026-05-14,Jakarta,Smartphone,Smartphone Air,2726000,4,10904000,E-Wallet,M,,5.0,Regular,1068000
TRX00215,2026-05-14,Malang,Home Appliances,Rice Cooker,3540000,2,7080000,E-Wallet,F,21.0,4.0,Regular,2488000
TRX01281,2026-05-14,Jakarta,Accessories,Wireless Mouse,363000,5,1815000,Credit Card,M,37.0,5.0,Regular,2683000
TRX00631,2026-05-14,Bandung,Smartphone,Smartphone MaxEdge,6600000,1,6600000,E-Wallet,F,47.0,4.0,Regular,2858000
TRX00377,2026-05-14,Surabaya,Smartphone,Smartphone NovaLite,2422000,2,4844000,E-Wallet,F,45.0,5.0,Regular,650000
TRX01282,2026-05-14,Malang,Accessories,Wireless Mouse,126000,2,252000,Credit Card,F,35.0,4.0,Regular,1294000
TRX00805,2026-05-14,Jakarta,Home Appliances,TV LED 32in,2329000,3,6987000,Cash,M,43.0,5.0,Regular,2429000
TRX00432,2026-05-14,Malang,Home Appliances,Electric Fan,1129000,3,3387000,Credit Card,F,46.0,3.0,Regular,2158000
TRX01591,2026-05-14,Bandung,Laptop,Laptop X1,13159000,1,13159000,E-Wallet,M,31.0,5.0,Regular,205000
TRX02058,2026-05-14,Malang,Smartphone,Smartphone Air,7136000,1,7136000,Cash,M,26.0,4.0,Regular,1821000
TRX00471,2026-05-14,Surabaya,Home Appliances,2-Door Refrigerator,1615000,4,6460000,E-Wallet,F,18.0,4.0,Regular,205000
TRX01449,2026-05-14,Surabaya,Home Appliances,TV LED 32in,3265000,2,6530000,Debit Card,F,,3.0,Regular,708000
TRX01602,2026-05-14,Surabaya,Smartphone,Smartphone NovaLite,1919000,5,9595000,Credit Card,F,26.0,5.0,Regular,502000
TRX00662,2026-05-14,Malang,Laptop,Laptop UltraSlim,10151000,2,20302000,E-Wallet,M,,5.0,Regular,2190000
TRX02172,2026-05-15,Surabaya,Laptop,Laptop X1,5242000,2,10484000,E-Wallet,F,46.0,3.0,Regular,1081000
TRX02125,2026-05-15,Malang,Home Appliances,2-Door Refrigerator,2347000,4,9388000,E-Wallet,F,27.0,5.0,Regular,2475000
TRX01394,2026-05-15,Bandung,Home Appliances,Electric Fan,1904000,3,5712000,Credit Card,M,27.0,5.0,Regular,655000
TRX02115,2026-05-15,Malang,Accessories,Phone Case,371000,3,1113000,Cash,F,,1.0,Regular,843000
TRX01722,2026-05-15,Jakarta,Accessories,Bluetooth Earphones,453000,2,906000,Credit Card,M,40.0,4.0,Regular,308000
TRX01966,2026-05-15,Surabaya,Laptop,Laptop X1,10405000,1,10405000,Cash,F,26.0,5.0,Regular,2725000
TRX01036,2026-05-15,Surabaya,Laptop,Laptop ProBook,6380000,2,12760000,Credit Card,F,41.0,5.0,Regular,2060000
TRX01139,2026-05-15,Surabaya,Smartphone,Smartphone Air,4974000,2,9948000,E-Wallet,F,39.0,4.0,Regular,1338000
TRX01742,2026-05-15,Surabaya,Laptop,Laptop X1,6989000,2,13978000,Credit Card,F,32.0,4.0,Regular,2224000
TRX00062,2026-05-15,Jakarta,Smartphone,Smartphone Z5,1897000,3,5691000,Credit Card,F,30.0,3.0,Regular,2434000
TRX01845,2026-05-15,Malang,Smartphone,Smartphone Z5,4124000,5,20620000,Cash,M,27.0,5.0,Regular,2597000
TRX00059,2026-05-15,Surabaya,Accessories,Powerbank 10000mAh,176000,2,352000,Credit Card,M,38.0,5.0,Regular,2887000
TRX01513,2026-05-15,Surabaya,Smartphone,Smartphone Z5,2606000,2,5212000,E-Wallet,M,28.0,5.0,Regular,2209000
TRX00878,2026-05-15,Bandung,Home Appliances,Rice Cooker,1208000,3,3624000,Debit Card,F,32.0,5.0,Regular,1497000
TRX01984,2026-05-16,Jakarta,Smartphone,Smartphone NovaLite,7451000,3,22353000,E-Wallet,M,39.0,2.0,Regular,1996000
TRX01899,2026-05-16,Bandung,Accessories,Powerbank 10000mAh,272000,2,544000,Credit Card,M,30.0,4.0,Regular,2349000
TRX02049,2026-05-16,Bandung,Accessories,Phone Case,356000,4,1424000,E-Wallet,F,37.0,5.0,Regular,431000
TRX02043,2026-05-16,Bandung,Home Appliances,2-Door Refrigerator,3324000,4,13296000,Credit Card,F,42.0,4.0,Regular,1285000
TRX00512,2026-05-16,Jakarta,Laptop,Laptop UltraSlim,10914000,4,43656000,Cash,F,18.0,,Regular,620000
TRX00360,2026-05-16,Surabaya,Laptop,Laptop X1,12031000,2,24062000,Debit Card,F,26.0,4.0,Regular,1554000
TRX00391,2026-05-16,Malang,Laptop,Laptop A14,14359000,4,57436000,E-Wallet,F,24.0,4.0,Regular,2187000
TRX00378,2026-05-16,Bandung,Smartphone,Smartphone Air,7014000,3,21042000,Credit Card,M,24.0,4.0,Regular,620000
TRX01234,2026-05-16,Malang,Smartphone,Smartphone Z5,3323000,5,16615000,Credit Card,M,29.0,5.0,Regular,1990000
TRX00463,2026-05-16,Bandung,Laptop,Laptop A14,13208000,5,66040000,Debit Card,F,38.0,4.0,Regular,306000
TRX02099,2026-05-16,Malang,Accessories,Phone Case,371000,1,371000,Debit Card,F,28.0,4.0,Regular,1788000
TRX00895,2026-05-16,Surabaya,Smartphone,Smartphone NovaLite,1762000,3,5286000,E-Wallet,M,19.0,3.0,Regular,1653000
TRX02044,2026-05-16,Malang,Smartphone,Smartphone MaxEdge,6147000,2,12294000,Cash,F,,,Regular,2395000
TRX01073,2026-05-17,Surabaya,Smartphone,Smartphone NovaLite,3627000,3,10881000,E-Wallet,M,27.0,4.0,Regular,1744000
TRX01378,2026-05-17,Malang,Laptop,Laptop ProBook,11277000,5,56385000,Debit Card,F,32.0,3.0,Regular,630000
TRX01098,2026-05-17,Surabaya,Accessories,Powerbank 10000mAh,490000,5,2450000,Credit Card,F,27.0,3.0,Regular,534000
TRX01667,2026-05-17,Surabaya,Smartphone,Smartphone MaxEdge,7670000,3,23010000,Debit Card,F,28.0,4.0,Regular,2106000
TRX00493,2026-05-17,Bandung,Laptop,Laptop ProBook,12507000,4,50028000,Cash,F,37.0,5.0,Regular,1206000
TRX01790,2026-05-17,Malang,Smartphone,Smartphone NovaLite,3063000,3,9189000,Credit Card,M,18.0,4.0,Regular,1328000
TRX01065,2026-05-17,Bandung,Accessories,Bluetooth Earphones,429000,1,429000,Debit Card,F,29.0,3.0,Regular,892000
TRX01995,2026-05-17,Surabaya,Accessories,Wireless Mouse,320000,4,1280000,E-Wallet,F,35.0,5.0,Regular,1565000
TRX00014,2026-05-18,Bandung,Accessories,Phone Case,477000,4,1908000,Debit Card,F,,4.0,Regular,1918000
TRX00042,2026-05-18,Jakarta,Accessories,Wireless Mouse,208000,4,832000,Credit Card,F,42.0,5.0,Regular,880000
TRX00247,2026-05-18,Surabaya,Smartphone,Smartphone MaxEdge,7726000,1,7726000,E-Wallet,F,30.0,4.0,Regular,2458000
TRX01674,2026-05-18,Malang,Home Appliances,2-Door Refrigerator,2557000,5,12785000,Debit Card,M,38.0,3.0,Regular,366000
TRX01301,2026-05-18,Surabaya,Accessories,Phone Case,365000,5,1825000,Debit Card,M,37.0,4.0,Regular,1762000
TRX00051,2026-05-18,Malang,Laptop,Laptop X1,7481000,4,29924000,Debit Card,F,31.0,5.0,Regular,1035000
TRX01204,2026-05-18,Surabaya,Smartphone,Smartphone NovaLite,1658000,2,3316000,Credit Card,F,28.0,3.0,Regular,2572000
TRX00234,2026-05-18,Bandung,Laptop,Laptop ProBook,6004000,2,12008000,E-Wallet,F,50.0,4.0,Regular,1914000
TRX01868,2026-05-18,Malang,Accessories,Powerbank 10000mAh,123000,4,492000,Credit Card,F,18.0,3.0,Regular,2112000
TRX00128,2026-05-19,Surabaya,Home Appliances,2-Door Refrigerator,5779000,3,17337000,Debit Card,F,18.0,5.0,Regular,1261000
TRX01275,2026-05-19,Surabaya,Accessories,Wireless Mouse,160000,5,800000,Debit Card,M,18.0,4.0,Regular,1213000
TRX00714,2026-05-19,Malang,Laptop,Laptop A14,13927000,1,13927000,Debit Card,M,33.0,4.0,Regular,2685000
TRX02107,2026-05-19,Malang,Smartphone,Smartphone Air,6176000,3,18528000,Debit Card,M,40.0,5.0,Regular,2944000
TRX01671,2026-05-19,Malang,Accessories,Powerbank 10000mAh,220000,4,880000,Debit Card,M,30.0,3.0,Regular,2518000
TRX02176,2026-05-19,Jakarta,Laptop,Laptop A14,9136000,5,45680000,Credit Card,F,18.0,4.0,Regular,2162000
TRX02174,2026-05-19,Jakarta,Laptop,Laptop ProBook,13009000,2,26018000,Credit Card,M,22.0,3.0,Regular,1982000
TRX00089,2026-05-19,Malang,Smartphone,Smartphone Air,3825000,4,15300000,Credit Card,M,23.0,3.0,Regular,293000
TRX01822,2026-05-19,Malang,Smartphone,Smartphone MaxEdge,2665000,1,2665000,Debit Card,M,,5.0,Regular,1587000
TRX00742,2026-05-19,Surabaya,Accessories,Bluetooth Earphones,262000,4,1048000,E-Wallet,F,54.0,5.0,Regular,2088000
TRX00489,2026-05-19,Malang,Smartphone,Smartphone Z5,3830000,3,11490000,Debit Card,F,40.0,4.0,Regular,1739000
TRX00657,2026-05-19,Malang,Home Appliances,Electric Fan,2291000,1,2291000,E-Wallet,M,40.0,2.0,Regular,1901000
TRX01134,2026-05-19,Bandung,Smartphone,Smartphone Air,5117000,1,5117000,Cash,F,26.0,3.0,Regular,2857000
TRX00207,2026-05-19,Surabaya,Smartphone,Smartphone NovaLite,7697000,2,15394000,Cash,F,20.0,5.0,Regular,1342000
TRX00423,2026-05-19,Bandung,Home Appliances,Rice Cooker,5686000,5,28430000,E-Wallet,F,24.0,5.0,Regular,745000
TRX01558,2026-05-20,Surabaya,Accessories,Wireless Mouse,470000,5,2350000,Credit Card,M,45.0,4.0,Regular,481000
TRX01061,2026-05-20,Surabaya,Laptop,Laptop UltraSlim,10445000,1,10445000,Debit Card,M,27.0,4.0,Regular,1409000
TRX01058,2026-05-20,Malang,Smartphone,Smartphone Z5,5644000,3,16932000,Cash,F,30.0,4.0,Regular,1553000
TRX00173,2026-05-20,Surabaya,Smartphone,Smartphone Air,1581000,2,3162000,E-Wallet,F,30.0,4.0,Regular,764000
TRX01691,2026-05-20,Jakarta,Laptop,Laptop ProBook,11378000,1,11378000,Debit Card,F,36.0,3.0,Regular,2740000
TRX01148,2026-05-20,Jakarta,Smartphone,Smartphone Air,3007000,2,6014000,Debit Card,M,22.0,4.0,Regular,1288000
TRX00645,2026-05-20,Jakarta,Laptop,Laptop A14,13461000,1,13461000,Debit Card,M,50.0,5.0,Regular,1550000
TRX01870,2026-05-20,Malang,Smartphone,Smartphone MaxEdge,7491000,4,29964000,Debit Card,F,37.0,4.0,Regular,1494000
TRX00370,2026-05-20,Malang,Smartphone,Smartphone Air,7353000,5,36765000,Debit Card,F,32.0,2.0,Regular,2803000
TRX00864,2026-05-20,Malang,Smartphone,Smartphone Z5,2405000,2,4810000,Cash,F,53.0,5.0,Regular,761000
TRX01775,2026-05-20,Malang,Home Appliances,TV LED 32in,2308000,5,11540000,Cash,F,47.0,5.0,Regular,1269000
TRX00911,2026-05-20,Malang,Accessories,Phone Case,150000,3,450000,Debit Card,F,28.0,1.0,Regular,1580000
TRX01825,2026-05-20,Malang,Smartphone,Smartphone Air,1609000,4,6436000,E-Wallet,F,26.0,4.0,Regular,2780000
TRX00320,2026-05-20,Bandung,Home Appliances,2-Door Refrigerator,4013000,2,8026000,E-Wallet,M,59.0,5.0,Regular,2499000
TRX02121,2026-05-20,Malang,Smartphone,Smartphone NovaLite,2351000,3,7053000,Debit Card,M,41.0,4.0,Regular,2169000
TRX00210,2026-05-21,Bandung,Smartphone,Smartphone MaxEdge,5715000,4,22860000,Debit Card,M,26.0,4.0,Regular,1426000
TRX01339,2026-05-21,Surabaya,Laptop,Laptop ProBook,10383000,4,41532000,Debit Card,F,28.0,5.0,Regular,2988000
TRX00602,2026-05-21,Bandung,Accessories,Phone Case,397000,3,1191000,Debit Card,F,30.0,5.0,Regular,1650000
TRX01469,2026-05-21,Jakarta,Laptop,Laptop X1,9415000,2,18830000,E-Wallet,F,35.0,,Regular,606000
TRX00402,2026-05-21,Bandung,Laptop,Laptop UltraSlim,9193000,2,18386000,E-Wallet,F,43.0,4.0,Regular,2019000
TRX01731,2026-05-21,Malang,Laptop,Laptop ProBook,13662000,5,68310000,E-Wallet,M,33.0,,Regular,1167000
TRX00734,2026-05-21,Malang,Smartphone,Smartphone MaxEdge,5224000,3,15672000,Credit Card,M,40.0,5.0,Regular,1894000
TRX01914,2026-05-21,Jakarta,Home Appliances,2-Door Refrigerator,5539000,3,16617000,E-Wallet,F,33.0,4.0,Regular,1959000
TRX00002,2026-05-21,Surabaya,Smartphone,Smartphone Air,4100000,1,4100000,Credit Card,F,45.0,3.0,Regular,1704000
TRX02096,2026-05-21,Surabaya,Smartphone,Smartphone Air,2178000,4,8712000,E-Wallet,F,32.0,4.0,Regular,2681000
TRX01242,2026-05-21,Malang,Laptop,Laptop A14,14429000,5,72145000,Debit Card,M,33.0,3.0,Regular,219000
TRX00815,2026-05-21,Malang,Accessories,Phone Case,68000,4,272000,Debit Card,M,40.0,4.0,Regular,420000
TRX00836,2026-05-21,Malang,Laptop,Laptop ProBook,14442000,5,72210000,E-Wallet,F,37.0,4.0,Regular,2681000
TRX01611,2026-05-21,Bandung,Laptop,Laptop ProBook,14006000,2,28012000,E-Wallet,F,42.0,4.0,Regular,2947000
TRX00050,2026-05-21,Bandung,Smartphone,Smartphone Air,6023000,2,12046000,Debit Card,M,18.0,3.0,Regular,1225000
TRX01278,2026-05-21,Jakarta,Laptop,Laptop UltraSlim,6354000,5,31770000,E-Wallet,M,19.0,4.0,Regular,2704000
TRX01441,2026-05-22,Surabaya,Laptop,Laptop UltraSlim,10222000,1,10222000,E-Wallet,M,30.0,3.0,Regular,1785000
TRX00025,2026-05-22,Surabaya,Accessories,Phone Case,409000,5,2045000,Credit Card,M,21.0,4.0,Regular,243000
TRX01726,2026-05-22,Jakarta,Accessories,Phone Case,247000,5,1235000,Credit Card,F,26.0,3.0,Regular,2744000
TRX01313,2026-05-22,Surabaya,Accessories,Wireless Mouse,288000,5,1440000,E-Wallet,M,41.0,5.0,Regular,2976000
TRX00107,2026-05-22,Jakarta,Smartphone,Smartphone NovaLite,1786000,1,1786000,E-Wallet,M,27.0,3.0,Regular,1488000
TRX01416,2026-05-22,Jakarta,Laptop,Laptop UltraSlim,7994000,4,31976000,E-Wallet,F,40.0,,Regular,895000
TRX00806,2026-05-22,Surabaya,Laptop,Laptop UltraSlim,9228000,2,18456000,Credit Card,F,29.0,4.0,Regular,2680000
TRX00598,2026-05-22,Jakarta,Smartphone,Smartphone Air,6062000,1,6062000,E-Wallet,F,21.0,4.0,Regular,891000
TRX00112,2026-05-22,Jakarta,Laptop,Laptop A14,8115000,3,24345000,E-Wallet,M,20.0,5.0,Regular,1572000
TRX00613,2026-05-22,Bandung,Home Appliances,Rice Cooker,4052000,3,12156000,Credit Card,M,35.0,5.0,Regular,405000
TRX01212,2026-05-22,Malang,Smartphone,Smartphone MaxEdge,4740000,5,23700000,E-Wallet,M,38.0,4.0,Regular,530000
TRX00278,2026-05-22,Bandung,Smartphone,Smartphone MaxEdge,4116000,4,16464000,E-Wallet,M,27.0,3.0,Regular,2634000
TRX00160,2026-05-22,Bandung,Accessories,Wireless Mouse,384000,2,768000,Debit Card,M,18.0,5.0,Regular,1650000
TRX01498,2026-05-22,Surabaya,Smartphone,Smartphone Z5,5648000,5,28240000,E-Wallet,M,42.0,5.0,Regular,1221000
TRX00766,2026-05-22,Bandung,Accessories,Phone Case,402000,2,804000,Cash,M,29.0,5.0,Regular,680000
TRX00690,2026-05-22,Malang,Home Appliances,TV LED 32in,3447000,1,3447000,Credit Card,F,36.0,5.0,Regular,489000
TRX00918,2026-05-22,Malang,Laptop,Laptop ProBook,9702000,4,38808000,Cash,F,35.0,4.0,Regular,1564000
TRX02009,2026-05-23,Malang,Laptop,Laptop A14,13232000,2,26464000,Cash,M,20.0,4.0,Regular,1815000
TRX00990,2026-05-23,Surabaya,Accessories,Powerbank 10000mAh,473000,1,473000,Credit Card,F,50.0,3.0,Regular,407000
TRX00249,2026-05-23,Surabaya,Laptop,Laptop A14,13684000,5,68420000,E-Wallet,M,46.0,4.0,Regular,1485000
TRX00725,2026-05-23,Jakarta,Accessories,Wireless Mouse,155000,1,155000,Debit Card,M,18.0,5.0,Regular,333000
TRX00016,2026-05-23,Malang,Laptop,Laptop ProBook,10744000,3,32232000,E-Wallet,M,37.0,2.0,Regular,2712000
TRX00213,2026-05-23,Surabaya,Home Appliances,2-Door Refrigerator,3964000,2,7928000,Debit Card,F,47.0,4.0,Regular,379000
TRX00476,2026-05-23,Malang,Smartphone,Smartphone Z5,5678000,5,28390000,E-Wallet,F,43.0,4.0,Regular,1799000
TRX01430,2026-05-23,Jakarta,Smartphone,Smartphone Z5,2485000,4,9940000,Debit Card,F,,1.0,Regular,1719000
TRX00106,2026-05-23,Malang,Accessories,Wireless Mouse,330000,2,660000,Credit Card,F,,3.0,Regular,746000
TRX00955,2026-05-23,Surabaya,Accessories,Phone Case,235000,2,470000,E-Wallet,F,31.0,3.0,Regular,1068000
TRX01133,2026-05-24,Malang,Accessories,Phone Case,118000,5,590000,Credit Card,F,33.0,5.0,Regular,994000
TRX00559,2026-05-24,Surabaya,Accessories,Phone Case,261000,5,1305000,Debit Card,F,49.0,3.0,Regular,844000
TRX01254,2026-05-24,Surabaya,Accessories,Bluetooth Earphones,140000,5,700000,Debit Card,M,26.0,4.0,Regular,2016000
TRX01414,2026-05-24,Malang,Home Appliances,Rice Cooker,2763000,5,13815000,E-Wallet,F,36.0,3.0,Regular,773000
TRX00135,2026-05-24,Malang,Laptop,Laptop UltraSlim,7960000,4,31840000,E-Wallet,M,,4.0,Regular,2176000
TRX01986,2026-05-24,Surabaya,Laptop,Laptop X1,12519000,2,25038000,Credit Card,M,32.0,,Regular,1806000
TRX00745,2026-05-24,Malang,Smartphone,Smartphone MaxEdge,3089000,2,6178000,Credit Card,F,37.0,4.0,Regular,914000
TRX00261,2026-05-24,Jakarta,Accessories,Phone Case,204000,5,1020000,Credit Card,M,47.0,4.0,Regular,1327000
TRX00639,2026-05-24,Surabaya,Smartphone,Smartphone MaxEdge,4139000,3,12417000,Cash,F,30.0,5.0,Regular,1012000
TRX00692,2026-05-24,Surabaya,Smartphone,Smartphone Z5,2894000,1,2894000,E-Wallet,F,32.0,3.0,Regular,2662000
TRX01980,2026-05-24,Malang,Accessories,Wireless Mouse,89000,3,267000,E-Wallet,M,31.0,4.0,Regular,2338000
TRX01617,2026-05-24,Surabaya,Accessories,Phone Case,52000,2,104000,Debit Card,F,37.0,4.0,Regular,2930000
TRX01461,2026-05-24,Jakarta,Smartphone,Smartphone Air,6883000,4,27532000,E-Wallet,F,35.0,4.0,Regular,258000
TRX00484,2026-05-25,Malang,Laptop,Laptop ProBook,5758000,3,17274000,E-Wallet,M,,5.0,Regular,1871000
TRX02005,2026-05-25,Jakarta,Laptop,Laptop ProBook,7277000,3,21831000,E-Wallet,F,20.0,2.0,Regular,2667000
TRX00591,2026-05-25,Jakarta,Laptop,Laptop ProBook,11306000,3,33918000,E-Wallet,F,34.0,4.0,Regular,2166000
TRX00716,2026-05-25,Surabaya,Smartphone,Smartphone Z5,5462000,5,27310000,Credit Card,F,29.0,2.0,Regular,449000
TRX01736,2026-05-25,Jakarta,Laptop,Laptop ProBook,8923000,2,17846000,E-Wallet,M,27.0,4.0,Regular,2846000
TRX01684,2026-05-25,Surabaya,Laptop,Laptop X1,9821000,1,9821000,Cash,F,29.0,2.0,Regular,410000
TRX00860,2026-05-25,Jakarta,Laptop,Laptop X1,14544000,3,43632000,E-Wallet,F,18.0,3.0,Regular,437000
TRX00686,2026-05-25,Jakarta,Laptop,Laptop UltraSlim,14589000,4,58356000,Debit Card,M,26.0,4.0,Regular,1138000
TRX00105,2026-05-25,Malang,Home Appliances,Electric Fan,3544000,2,7088000,E-Wallet,M,,3.0,Regular,2238000
TRX00071,2026-05-25,Surabaya,Home Appliances,2-Door Refrigerator,4273000,2,8546000,Debit Card,F,35.0,3.0,Regular,1593000
TRX01284,2026-05-25,Malang,Home Appliances,Electric Fan,3171000,3,9513000,Cash,M,24.0,1.0,Regular,2646000
TRX01578,2026-05-25,Jakarta,Accessories,Wireless Mouse,201000,4,804000,Cash,M,22.0,1.0,Regular,2256000
TRX01012,2026-05-25,Surabaya,Accessories,Bluetooth Earphones,221000,2,442000,E-Wallet,M,35.0,4.0,Regular,1296000
TRX00472,2026-05-26,Surabaya,Home Appliances,TV LED 32in,2682000,3,8046000,Credit Card,F,,,Regular,1985000
TRX00654,2026-05-26,Jakarta,Accessories,Bluetooth Earphones,345000,5,1725000,E-Wallet,F,39.0,3.0,Regular,1647000
TRX01260,2026-05-26,Malang,Accessories,Bluetooth Earphones,309000,5,1545000,Debit Card,M,30.0,5.0,Regular,460000
TRX00852,2026-05-26,Malang,Smartphone,Smartphone Air,2262000,1,2262000,Cash,F,25.0,5.0,Regular,1083000
TRX00103,2026-05-26,Jakarta,Smartphone,Smartphone MaxEdge,3747000,1,3747000,Debit Card,F,21.0,4.0,Regular,1298000
TRX01199,2026-05-26,Malang,Home Appliances,Electric Fan,4640000,5,23200000,Credit Card,M,54.0,5.0,Regular,2451000
TRX00428,2026-05-26,Surabaya,Laptop,Laptop A14,11736000,3,35208000,Debit Card,M,33.0,4.0,Regular,2173000
TRX01087,2026-05-26,Jakarta,Smartphone,Smartphone Z5,3539000,5,17695000,E-Wallet,F,30.0,3.0,Regular,554000
TRX01749,2026-05-26,Jakarta,Laptop,Laptop UltraSlim,13266000,5,66330000,Debit Card,F,37.0,4.0,Regular,598000
TRX00596,2026-05-26,Surabaya,Accessories,Powerbank 10000mAh,351000,4,1404000,E-Wallet,F,48.0,5.0,Regular,2070000
TRX00092,2026-05-26,Surabaya,Accessories,Bluetooth Earphones,79000,1,79000,Debit Card,F,32.0,3.0,Regular,1748000
TRX00551,2026-05-26,Malang,Smartphone,Smartphone NovaLite,4881000,1,4881000,Debit Card,F,22.0,5.0,Regular,2241000
TRX02093,2026-05-26,Surabaya,Home Appliances,Electric Fan,5790000,4,23160000,Credit Card,M,20.0,5.0,Regular,1599000
TRX00291,2026-05-27,Bandung,Accessories,Bluetooth Earphones,193000,2,386000,Debit Card,F,35.0,4.0,Regular,913000
TRX00336,2026-05-27,Bandung,Laptop,Laptop X1,7247000,3,21741000,Cash,M,26.0,4.0,Regular,2525000
TRX01219,2026-05-27,Surabaya,Accessories,Powerbank 10000mAh,123000,5,615000,Debit Card,F,35.0,4.0,Regular,2643000
TRX01001,2026-05-27,Jakarta,Smartphone,Smartphone NovaLite,6062000,1,6062000,Credit Card,F,32.0,4.0,Regular,2169000
TRX02161,2026-05-27,Malang,Accessories,Bluetooth Earphones,367000,4,1468000,E-Wallet,M,,3.0,Regular,1434000
TRX00227,2026-05-27,Surabaya,Laptop,Laptop ProBook,12051000,4,48204000,Debit Card,F,41.0,4.0,Regular,2346000
TRX00837,2026-05-27,Surabaya,Smartphone,Smartphone NovaLite,5452000,3,16356000,Credit Card,M,41.0,3.0,Regular,1688000
TRX01334,2026-05-27,Surabaya,Smartphone,Smartphone MaxEdge,7642000,4,30568000,Cash,F,33.0,1.0,Regular,359000
TRX01574,2026-05-28,Surabaya,Smartphone,Smartphone Air,6747000,4,26988000,E-Wallet,M,37.0,2.0,Regular,755000
TRX02196,2026-05-28,Bandung,Smartphone,Smartphone Z5,3588000,3,10764000,Cash,M,42.0,4.0,Regular,1009000
TRX02159,2026-05-28,Surabaya,Laptop,Laptop X1,7638000,3,22914000,Debit Card,M,18.0,,Regular,2651000
TRX01426,2026-05-28,Malang,Smartphone,Smartphone Z5,4926000,1,4926000,Credit Card,F,25.0,4.0,Regular,1138000
TRX00514,2026-05-28,Surabaya,Laptop,Laptop X1,7139000,4,28556000,Credit Card,M,23.0,4.0,Regular,389000
TRX00741,2026-05-28,Malang,Smartphone,Smartphone NovaLite,5170000,4,20680000,Credit Card,F,24.0,4.0,Regular,1578000
TRX00166,2026-05-28,Jakarta,Accessories,Wireless Mouse,486000,1,486000,Debit Card,M,19.0,4.0,Regular,2298000
TRX01965,2026-05-28,Surabaya,Smartphone,Smartphone NovaLite,1722000,2,3444000,Debit Card,F,28.0,3.0,Regular,2900000
TRX00885,2026-05-28,Jakarta,Home Appliances,Electric Fan,5644000,5,28220000,Debit Card,M,,5.0,Regular,1212000
TRX01535,2026-05-28,Surabaya,Smartphone,Smartphone MaxEdge,3955000,3,11865000,E-Wallet,M,33.0,5.0,Regular,1811000
TRX01843,2026-05-28,Jakarta,Smartphone,Smartphone Air,5869000,1,5869000,Credit Card,M,22.0,4.0,Regular,2427000
TRX01025,2026-05-29,Surabaya,Laptop,Laptop ProBook,12514000,2,25028000,Debit Card,M,,4.0,Regular,1973000
TRX00028,2026-05-29,Jakarta,Accessories,Powerbank 10000mAh,310000,1,310000,Debit Card,F,49.0,5.0,Regular,1244000
TRX01964,2026-05-29,Bandung,Home Appliances,2-Door Refrigerator,1032000,4,4128000,Credit Card,F,31.0,4.0,Regular,2971000
TRX01231,2026-05-29,Surabaya,Accessories,Phone Case,371000,1,371000,E-Wallet,F,22.0,5.0,Regular,1254000
TRX00867,2026-05-29,Jakarta,Laptop,Laptop X1,5718000,4,22872000,Credit Card,F,39.0,5.0,Regular,1825000
TRX01264,2026-05-29,Bandung,Accessories,Powerbank 10000mAh,216000,2,432000,Debit Card,M,44.0,,Regular,1864000
TRX00849,2026-05-29,Malang,Smartphone,Smartphone NovaLite,7167000,2,14334000,Debit Card,M,25.0,5.0,Regular,804000
TRX00149,2026-05-29,Bandung,Smartphone,Smartphone Air,7700000,4,30800000,Credit Card,F,30.0,4.0,Regular,2977000
TRX00524,2026-05-30,Malang,Laptop,Laptop ProBook,12487000,3,37461000,Debit Card,F,34.0,4.0,Regular,1909000
TRX00605,2026-05-30,Surabaya,Smartphone,Smartphone MaxEdge,5837000,1,5837000,Credit Card,M,35.0,3.0,Regular,701000
TRX00038,2026-05-30,Surabaya,Home Appliances,2-Door Refrigerator,4896000,4,19584000,E-Wallet,F,38.0,2.0,Regular,713000
TRX01587,2026-05-30,Malang,Laptop,Laptop UltraSlim,8470000,1,8470000,E-Wallet,F,25.0,5.0,Regular,2371000
TRX01603,2026-05-30,Surabaya,Laptop,Laptop ProBook,10780000,3,32340000,E-Wallet,F,,5.0,Regular,1453000
TRX00553,2026-05-30,Malang,Smartphone,Smartphone Z5,6996000,3,20988000,Credit Card,M,42.0,4.0,Regular,2583000
TRX00794,2026-05-30,Malang,Laptop,Laptop ProBook,12763000,2,25526000,E-Wallet,M,40.0,4.0,Regular,2659000
TRX01923,2026-05-30,Surabaya,Laptop,Laptop A14,8978000,2,17956000,E-Wallet,M,33.0,,Regular,1705000
TRX01040,2026-05-30,Jakarta,Accessories,Phone Case,115000,3,345000,E-Wallet,M,18.0,5.0,Regular,1456000
TRX00302,2026-05-30,Malang,Laptop,Laptop A14,10980000,2,21960000,Debit Card,M,43.0,4.0,Regular,1490000
TRX02081,2026-05-30,Bandung,Laptop,Laptop UltraSlim,13405000,3,40215000,E-Wallet,F,32.0,3.0,Regular,2419000
TRX00433,2026-05-30,Surabaya,Smartphone,Smartphone NovaLite,6708000,4,26832000,Credit Card,M,26.0,4.0,Regular,425000
TRX01987,2026-05-30,Malang,Accessories,Bluetooth Earphones,153000,5,765000,E-Wallet,M,35.0,5.0,Regular,2907000
TRX00545,2026-05-31,Malang,Home Appliances,Electric Fan,3286000,1,3286000,Credit Card,F,51.0,4.0,Regular,1204000
TRX01971,2026-05-31,Malang,Home Appliances,2-Door Refrigerator,1329000,3,3987000,Cash,F,36.0,4.0,Regular,2957000
TRX00611,2026-05-31,Jakarta,Smartphone,Smartphone MaxEdge,7251000,3,21753000,Cash,F,18.0,3.0,Regular,415000
TRX00101,2026-05-31,Surabaya,Laptop,Laptop X1,5970000,3,17910000,E-Wallet,M,40.0,1.0,Regular,2808000
TRX00334,2026-05-31,Malang,Smartphone,Smartphone MaxEdge,7979000,5,39895000,E-Wallet,F,,5.0,Regular,267000
TRX00482,2026-05-31,Surabaya,Accessories,Wireless Mouse,476000,5,2380000,Debit Card,F,40.0,4.0,Regular,782000
TRX00090,2026-05-31,Jakarta,Smartphone,Smartphone Z5,2041000,5,10205000,Debit Card,M,39.0,4.0,Regular,876000
TRX00084,2026-05-31,Malang,Smartphone,Smartphone NovaLite,4936000,3,14808000,Credit Card,F,35.0,2.0,Regular,945000
TRX00388,2026-05-31,Surabaya,Home Appliances,Electric Fan,805000,4,3220000,E-Wallet,F,32.0,,Regular,434000
TRX00582,2026-05-31,Jakarta,Home Appliances,Electric Fan,869000,3,2607000,Credit Card,M,18.0,5.0,Regular,1159000
TRX01080,2026-06-01,Bandung,Laptop,Laptop UltraSlim,12461000,1,12461000,Debit Card,M,26.0,3.0,Regular,1378000
TRX01086,2026-06-01,Malang,Home Appliances,Electric Fan,5542000,1,5542000,Credit Card,M,27.0,,Regular,2314000
TRX01865,2026-06-01,Malang,Accessories,Bluetooth Earphones,279000,2,558000,Debit Card,F,,4.0,Regular,1776000
TRX00019,2026-06-01,Malang,Laptop,Laptop ProBook,13356000,5,66780000,Credit Card,M,,4.0,Regular,1073000
TRX01961,2026-06-01,Surabaya,Accessories,Bluetooth Earphones,136000,4,544000,E-Wallet,F,29.0,4.0,Regular,2036000
TRX01659,2026-06-01,Jakarta,Smartphone,Smartphone NovaLite,3534000,2,7068000,Debit Card,F,24.0,4.0,Regular,304000
TRX01650,2026-06-01,Malang,Accessories,Powerbank 10000mAh,246000,1,246000,Credit Card,F,33.0,5.0,Regular,1656000
TRX00589,2026-06-01,Surabaya,Home Appliances,Electric Fan,918000,1,918000,E-Wallet,M,33.0,4.0,Regular,2235000
TRX01933,2026-06-01,Malang,Smartphone,Smartphone MaxEdge,4103000,5,20515000,Debit Card,F,44.0,5.0,Regular,2366000
TRX00868,2026-06-01,Jakarta,Smartphone,Smartphone MaxEdge,4265000,5,21325000,Cash,M,42.0,4.0,Regular,836000
TRX01016,2026-06-01,Bandung,Accessories,Phone Case,435000,1,435000,E-Wallet,F,35.0,2.0,Regular,1345000
TRX00816,2026-06-01,Malang,Smartphone,Smartphone Z5,6124000,5,30620000,Debit Card,F,24.0,5.0,Regular,1979000
TRX01969,2026-06-01,Jakarta,Home Appliances,2-Door Refrigerator,5149000,2,10298000,E-Wallet,M,24.0,5.0,Regular,1435000
TRX01097,2026-06-01,Malang,Laptop,Laptop A14,8078000,4,32312000,Credit Card,M,44.0,5.0,Regular,853000
TRX00590,2026-06-02,Surabaya,Smartphone,Smartphone Z5,7889000,2,15778000,Debit Card,F,43.0,2.0,Regular,982000
TRX01024,2026-06-02,Malang,Laptop,Laptop ProBook,6458000,2,12916000,E-Wallet,M,34.0,4.0,Regular,2323000
TRX01500,2026-06-02,Bandung,Accessories,Powerbank 10000mAh,197000,4,788000,Cash,M,40.0,,Regular,971000
TRX00459,2026-06-02,Jakarta,Home Appliances,Electric Fan,895000,1,895000,Debit Card,F,30.0,4.0,Regular,2107000
TRX02168,2026-06-02,Jakarta,Laptop,Laptop ProBook,11367000,4,45468000,E-Wallet,M,37.0,4.0,Regular,2198000
TRX01599,2026-06-02,Surabaya,Home Appliances,Rice Cooker,4003000,1,4003000,Credit Card,M,28.0,5.0,Regular,1475000
TRX01093,2026-06-02,Jakarta,Smartphone,Smartphone Z5,3610000,1,3610000,Cash,M,30.0,3.0,Regular,2330000
TRX00093,2026-06-02,Bandung,Home Appliances,Rice Cooker,5142000,5,25710000,Debit Card,M,21.0,5.0,Regular,562000
TRX01126,2026-06-02,Malang,Smartphone,Smartphone MaxEdge,3224000,4,12896000,Cash,F,36.0,3.0,Regular,2724000
TRX00723,2026-06-02,Surabaya,Smartphone,Smartphone NovaLite,1981000,4,7924000,Debit Card,M,48.0,4.0,Regular,2335000
TRX01125,2026-06-02,Bandung,Smartphone,Smartphone Air,5175000,3,15525000,E-Wallet,F,23.0,3.0,Regular,1919000
TRX00513,2026-06-02,Jakarta,Smartphone,Smartphone MaxEdge,5056000,3,15168000,Debit Card,M,33.0,5.0,Regular,909000
TRX00963,2026-06-02,Surabaya,Smartphone,Smartphone NovaLite,4681000,1,4681000,Debit Card,F,37.0,,Regular,2339000
TRX01144,2026-06-02,Malang,Home Appliances,Rice Cooker,977000,1,977000,Debit Card,M,45.0,4.0,Regular,1387000
TRX00856,2026-06-03,Bandung,Laptop,Laptop X1,6567000,5,32835000,Credit Card,F,47.0,2.0,Regular,2068000
TRX01884,2026-06-03,Jakarta,Accessories,Powerbank 10000mAh,255000,3,765000,E-Wallet,M,51.0,,Regular,1337000
TRX00865,2026-06-03,Jakarta,Accessories,Bluetooth Earphones,444000,5,2220000,Debit Card,M,32.0,3.0,Regular,2215000
TRX00477,2026-06-03,Jakarta,Accessories,Phone Case,376000,1,376000,Debit Card,F,31.0,,Regular,2103000
TRX01863,2026-06-03,Malang,Laptop,Laptop UltraSlim,12746000,3,38238000,Debit Card,F,,1.0,Regular,2500000
TRX01548,2026-06-03,Jakarta,Accessories,Phone Case,374000,5,1870000,Debit Card,M,27.0,4.0,Regular,300000
TRX00361,2026-06-03,Jakarta,Laptop,Laptop A14,12920000,2,25840000,Credit Card,F,53.0,5.0,Regular,2275000
TRX00297,2026-06-03,Surabaya,Home Appliances,2-Door Refrigerator,1265000,3,3795000,E-Wallet,F,46.0,5.0,Regular,2664000
TRX01657,2026-06-03,Bandung,Home Appliances,TV LED 32in,5994000,5,29970000,E-Wallet,M,36.0,,Regular,974000
TRX01007,2026-06-03,Jakarta,Smartphone,Smartphone Z5,7260000,4,29040000,Credit Card,F,34.0,3.0,Regular,404000
TRX02036,2026-06-03,Jakarta,Accessories,Phone Case,286000,5,1430000,Cash,M,20.0,2.0,Regular,1649000
TRX01163,2026-06-03,Surabaya,Smartphone,Smartphone MaxEdge,1919000,1,1919000,Credit Card,M,25.0,4.0,Regular,2853000
TRX00650,2026-06-03,Surabaya,Smartphone,Smartphone NovaLite,7296000,2,14592000,E-Wallet,M,36.0,4.0,Regular,1428000
TRX02149,2026-06-03,Bandung,Smartphone,Smartphone Z5,2224000,5,11120000,Debit Card,F,34.0,2.0,Regular,1016000
TRX00775,2026-06-03,Bandung,Laptop,Laptop ProBook,10689000,3,32067000,E-Wallet,M,27.0,4.0,Regular,2490000
TRX01158,2026-06-03,Jakarta,Smartphone,Smartphone NovaLite,7959000,5,39795000,Credit Card,M,40.0,4.0,Regular,1950000
TRX01844,2026-06-03,Malang,Home Appliances,Electric Fan,3554000,5,17770000,Debit Card,M,32.0,4.0,Regular,1347000
TRX00780,2026-06-03,Surabaya,Smartphone,Smartphone Air,6645000,5,33225000,E-Wallet,M,48.0,4.0,Regular,2815000
TRX01150,2026-06-04,Surabaya,Laptop,Laptop A14,9728000,2,19456000,Cash,M,40.0,1.0,Regular,1183000
TRX01347,2026-06-04,Malang,Home Appliances,Electric Fan,4385000,3,13155000,Debit Card,F,,4.0,Regular,1981000
TRX01310,2026-06-04,Bandung,Home Appliances,Rice Cooker,3812000,3,11436000,E-Wallet,M,25.0,4.0,Regular,1253000
TRX02150,2026-06-04,Surabaya,Smartphone,Smartphone Z5,4133000,5,20665000,Cash,M,,4.0,Regular,1879000
TRX00643,2026-06-04,Malang,Laptop,Laptop UltraSlim,6271000,3,18813000,E-Wallet,F,30.0,5.0,Regular,1915000
TRX00560,2026-06-04,Malang,Laptop,Laptop UltraSlim,8253000,5,41265000,Debit Card,F,42.0,4.0,Regular,1575000
TRX01314,2026-06-04,Surabaya,Smartphone,Smartphone Air,3584000,2,7168000,E-Wallet,M,42.0,4.0,Regular,2152000
TRX01560,2026-06-04,Malang,Smartphone,Smartphone MaxEdge,5428000,4,21712000,E-Wallet,M,18.0,5.0,Regular,1553000
TRX01896,2026-06-04,Surabaya,Home Appliances,Rice Cooker,2970000,5,14850000,Debit Card,M,31.0,4.0,Regular,1179000
TRX00835,2026-06-04,Jakarta,Smartphone,Smartphone Air,2718000,2,5436000,Credit Card,F,27.0,4.0,Regular,570000
TRX01552,2026-06-04,Surabaya,Accessories,Phone Case,456000,3,1368000,E-Wallet,F,29.0,5.0,Regular,2142000
TRX01127,2026-06-04,Jakarta,Laptop,Laptop X1,12749000,1,12749000,E-Wallet,M,31.0,5.0,Regular,704000
TRX00125,2026-06-04,Malang,Laptop,Laptop UltraSlim,13459000,1,13459000,Credit Card,M,36.0,5.0,Regular,1616000
TRX00882,2026-06-04,Surabaya,Laptop,Laptop A14,11837000,2,23674000,E-Wallet,M,26.0,4.0,Regular,1095000
TRX00151,2026-06-04,Malang,Accessories,Wireless Mouse,259000,4,1036000,Debit Card,F,42.0,,Regular,2688000
TRX01465,2026-06-04,Jakarta,Smartphone,Smartphone MaxEdge,2882000,4,11528000,Credit Card,F,37.0,5.0,Regular,2193000
TRX01856,2026-06-04,Surabaya,Laptop,Laptop X1,7018000,5,35090000,Cash,F,46.0,4.0,Regular,949000
TRX01401,2026-06-04,Malang,Home Appliances,Rice Cooker,1259000,5,6295000,E-Wallet,M,27.0,3.0,Regular,1982000
TRX00146,2026-06-04,Malang,Smartphone,Smartphone Air,5944000,2,11888000,Debit Card,M,26.0,,Regular,1574000
TRX00037,2026-06-05,Surabaya,Smartphone,Smartphone MaxEdge,7689000,5,38445000,E-Wallet,M,39.0,5.0,Regular,1266000
TRX01292,2026-06-05,Jakarta,Smartphone,Smartphone Z5,7543000,3,22629000,E-Wallet,F,34.0,4.0,Regular,2554000
TRX00668,2026-06-05,Malang,Laptop,Laptop UltraSlim,6661000,1,6661000,Debit Card,F,28.0,5.0,Regular,2039000
TRX02198,2026-06-05,Surabaya,Smartphone,Smartphone Z5,4927000,4,19708000,E-Wallet,M,27.0,4.0,Regular,1306000
TRX01247,2026-06-05,Bandung,Home Appliances,Electric Fan,2381000,4,9524000,E-Wallet,F,22.0,,Regular,2191000
TRX02153,2026-06-05,Malang,Accessories,Wireless Mouse,492000,2,984000,E-Wallet,M,43.0,2.0,Regular,1787000
TRX00006,2026-06-05,Jakarta,Laptop,Laptop X1,8467000,3,25401000,Debit Card,F,34.0,4.0,Regular,1899000
TRX01419,2026-06-05,Surabaya,Smartphone,Smartphone NovaLite,6985000,5,34925000,E-Wallet,M,35.0,4.0,Regular,530000
TRX02098,2026-06-05,Malang,Smartphone,Smartphone MaxEdge,6085000,5,30425000,Credit Card,F,44.0,3.0,Regular,260000
TRX01042,2026-06-05,Surabaya,Laptop,Laptop X1,6882000,1,6882000,Credit Card,M,29.0,4.0,Regular,2563000
TRX01706,2026-06-05,Malang,Smartphone,Smartphone MaxEdge,4709000,4,18836000,Debit Card,F,23.0,5.0,Regular,514000
TRX00610,2026-06-05,Malang,Accessories,Phone Case,339000,2,678000,E-Wallet,F,26.0,,Regular,1311000
TRX01735,2026-06-05,Jakarta,Accessories,Bluetooth Earphones,411000,5,2055000,Credit Card,F,23.0,3.0,Regular,2644000
TRX00232,2026-06-05,Surabaya,Laptop,Laptop A14,14765000,3,44295000,Debit Card,F,49.0,3.0,Regular,2909000
TRX00829,2026-06-06,Malang,Accessories,Powerbank 10000mAh,372000,4,1488000,E-Wallet,M,27.0,3.0,Regular,1762000
TRX01589,2026-06-06,Malang,Smartphone,Smartphone MaxEdge,7666000,5,38330000,Debit Card,F,34.0,4.0,Regular,667000
TRX01486,2026-06-06,Surabaya,Home Appliances,Rice Cooker,4811000,3,14433000,Cash,M,33.0,4.0,Regular,1617000
TRX00427,2026-06-06,Surabaya,Home Appliances,Rice Cooker,2098000,5,10490000,E-Wallet,F,40.0,4.0,Regular,224000
TRX01325,2026-06-06,Bandung,Laptop,Laptop X1,13173000,5,65865000,Credit Card,F,35.0,4.0,Regular,2546000
TRX01509,2026-06-06,Jakarta,Smartphone,Smartphone NovaLite,3281000,1,3281000,Credit Card,M,37.0,5.0,Regular,496000
TRX01280,2026-06-06,Jakarta,Laptop,Laptop X1,6952000,3,20856000,E-Wallet,F,30.0,4.0,Regular,1796000
TRX01214,2026-06-06,Malang,Laptop,Laptop A14,5620000,5,28100000,Debit Card,M,34.0,4.0,Regular,1697000
TRX01521,2026-06-06,Bandung,Accessories,Bluetooth Earphones,261000,3,783000,E-Wallet,M,42.0,,Regular,352000
TRX01734,2026-06-06,Jakarta,Smartphone,Smartphone Air,5563000,4,22252000,Cash,F,32.0,3.0,Regular,2339000
TRX00504,2026-06-07,Jakarta,Laptop,Laptop X1,10926000,3,32778000,Debit Card,F,26.0,3.0,Regular,1345000
TRX02105,2026-06-07,Bandung,Smartphone,Smartphone NovaLite,4599000,5,22995000,Credit Card,M,35.0,2.0,Regular,2587000
TRX00492,2026-06-07,Malang,Smartphone,Smartphone Z5,1864000,1,1864000,E-Wallet,F,28.0,5.0,Regular,1580000
TRX00921,2026-06-07,Jakarta,Laptop,Laptop ProBook,13609000,1,13609000,E-Wallet,M,31.0,5.0,Regular,412000
TRX01023,2026-06-07,Malang,Accessories,Phone Case,116000,2,232000,Debit Card,M,31.0,3.0,Regular,440000
TRX01943,2026-06-08,Jakarta,Smartphone,Smartphone Air,4508000,1,4508000,E-Wallet,F,36.0,4.0,Regular,241000
TRX01245,2026-06-08,Jakarta,Smartphone,Smartphone Z5,2599000,2,5198000,Credit Card,M,43.0,3.0,Regular,2871000
TRX01824,2026-06-08,Jakarta,Smartphone,Smartphone NovaLite,4166000,5,20830000,Debit Card,M,39.0,4.0,Regular,1176000
TRX01408,2026-06-08,Bandung,Smartphone,Smartphone MaxEdge,2965000,2,5930000,Credit Card,M,53.0,3.0,Regular,2277000
TRX02142,2026-06-08,Surabaya,Accessories,Powerbank 10000mAh,353000,4,1412000,E-Wallet,M,24.0,4.0,Regular,2230000
TRX01658,2026-06-08,Jakarta,Laptop,Laptop X1,12115000,3,36345000,E-Wallet,F,34.0,4.0,Regular,1661000
TRX02001,2026-06-08,Bandung,Smartphone,Smartphone MaxEdge,4690000,4,18760000,E-Wallet,M,36.0,5.0,Regular,2936000
TRX00558,2026-06-08,Jakarta,Smartphone,Smartphone NovaLite,4434000,1,4434000,Credit Card,M,46.0,4.0,Regular,1180000
TRX00781,2026-06-08,Surabaya,Smartphone,Smartphone Z5,6491000,3,19473000,Credit Card,M,49.0,5.0,Regular,597000
TRX01898,2026-06-08,Malang,Smartphone,Smartphone Air,5613000,4,22452000,E-Wallet,M,32.0,4.0,Regular,433000
TRX01716,2026-06-08,Surabaya,Smartphone,Smartphone NovaLite,6055000,5,30275000,Credit Card,F,22.0,5.0,Regular,2232000
TRX00396,2026-06-08,Jakarta,Smartphone,Smartphone MaxEdge,2624000,5,13120000,Debit Card,M,27.0,4.0,Regular,382000
TRX01893,2026-06-09,Surabaya,Laptop,Laptop A14,14499000,5,72495000,Credit Card,M,30.0,4.0,Regular,1578000
TRX00517,2026-06-09,Malang,Smartphone,Smartphone NovaLite,6192000,3,18576000,Debit Card,F,32.0,1.0,Regular,1599000
TRX00812,2026-06-09,Malang,Accessories,Powerbank 10000mAh,313000,4,1252000,E-Wallet,M,43.0,3.0,Regular,401000
TRX01815,2026-06-09,Surabaya,Laptop,Laptop ProBook,5469000,1,5469000,Credit Card,M,38.0,4.0,Regular,2933000
TRX01713,2026-06-09,Jakarta,Laptop,Laptop X1,10302000,5,51510000,E-Wallet,F,33.0,4.0,Regular,818000
TRX01371,2026-06-09,Surabaya,Laptop,Laptop UltraSlim,9697000,1,9697000,Credit Card,F,29.0,5.0,Regular,967000
TRX01201,2026-06-09,Bandung,Laptop,Laptop X1,14699000,3,44097000,E-Wallet,F,24.0,4.0,Regular,1044000
TRX01141,2026-06-09,Malang,Laptop,Laptop A14,10835000,2,21670000,Debit Card,M,29.0,,Regular,373000
TRX01634,2026-06-09,Surabaya,Smartphone,Smartphone MaxEdge,2705000,2,5410000,E-Wallet,M,25.0,4.0,Regular,1063000
TRX01792,2026-06-09,Bandung,Accessories,Bluetooth Earphones,81000,4,324000,Debit Card,M,32.0,4.0,Regular,228000
TRX01004,2026-06-10,Bandung,Smartphone,Smartphone NovaLite,3613000,2,7226000,Credit Card,F,36.0,5.0,Regular,441000
TRX00375,2026-06-10,Surabaya,Accessories,Powerbank 10000mAh,236000,5,1180000,E-Wallet,M,36.0,5.0,Regular,1919000
TRX02091,2026-06-10,Malang,Smartphone,Smartphone Air,2392000,3,7176000,Credit Card,F,18.0,4.0,Regular,2294000
TRX00904,2026-06-10,Jakarta,Accessories,Phone Case,119000,1,119000,E-Wallet,F,43.0,4.0,Regular,2852000
TRX01375,2026-06-10,Surabaya,Accessories,Wireless Mouse,352000,4,1408000,E-Wallet,M,41.0,4.0,Regular,2787000
TRX00565,2026-06-10,Bandung,Home Appliances,Rice Cooker,2144000,3,6432000,Debit Card,M,,4.0,Regular,887000
TRX01752,2026-06-10,Surabaya,Smartphone,Smartphone NovaLite,7797000,4,31188000,Cash,F,29.0,5.0,Regular,619000
TRX00035,2026-06-10,Bandung,Smartphone,Smartphone Air,1945000,4,7780000,Debit Card,M,25.0,5.0,Regular,2021000
TRX01324,2026-06-10,Malang,Home Appliances,Electric Fan,2178000,5,10890000,Credit Card,F,30.0,3.0,Regular,1572000
TRX01912,2026-06-10,Bandung,Laptop,Laptop UltraSlim,13897000,3,41691000,E-Wallet,F,,5.0,Regular,2573000
TRX02042,2026-06-11,Malang,Laptop,Laptop UltraSlim,12214000,1,12214000,Cash,F,22.0,4.0,Regular,351000
TRX01389,2026-06-11,Malang,Home Appliances,Rice Cooker,2240000,4,8960000,Credit Card,M,18.0,5.0,Regular,2634000
TRX00358,2026-06-11,Surabaya,Smartphone,Smartphone NovaLite,3194000,2,6388000,Debit Card,F,18.0,4.0,Regular,2653000
TRX00389,2026-06-11,Bandung,Accessories,Bluetooth Earphones,234000,1,234000,E-Wallet,F,,5.0,Regular,786000
TRX00364,2026-06-11,Surabaya,Accessories,Phone Case,105000,3,315000,Debit Card,F,,5.0,Regular,2856000
TRX01692,2026-06-11,Malang,Home Appliances,TV LED 32in,1069000,5,5345000,E-Wallet,M,18.0,2.0,Regular,2383000
TRX01606,2026-06-11,Surabaya,Smartphone,Smartphone Z5,2865000,4,11460000,Debit Card,F,40.0,5.0,Regular,2988000
TRX00362,2026-06-11,Surabaya,Home Appliances,Electric Fan,1461000,1,1461000,Debit Card,M,63.0,4.0,Regular,248000
TRX00048,2026-06-11,Jakarta,Smartphone,Smartphone Z5,6897000,2,13794000,E-Wallet,F,34.0,4.0,Regular,409000
TRX00579,2026-06-11,Bandung,Laptop,Laptop A14,9879000,1,9879000,Cash,F,43.0,4.0,Regular,1333000
TRX02061,2026-06-11,Bandung,Accessories,Bluetooth Earphones,255000,1,255000,E-Wallet,F,41.0,1.0,Regular,2951000
TRX01304,2026-06-12,Bandung,Accessories,Bluetooth Earphones,298000,2,596000,Debit Card,F,43.0,5.0,Regular,2482000
TRX01878,2026-06-12,Jakarta,Laptop,Laptop A14,5407000,2,10814000,E-Wallet,F,39.0,5.0,Regular,1393000
TRX00740,2026-06-12,Jakarta,Accessories,Wireless Mouse,489000,4,1956000,Credit Card,M,18.0,4.0,Regular,2546000
TRX00095,2026-06-12,Bandung,Accessories,Phone Case,224000,4,896000,Debit Card,M,45.0,1.0,Regular,357000
TRX01557,2026-06-12,Surabaya,Smartphone,Smartphone Air,7248000,4,28992000,Cash,M,36.0,1.0,Regular,1935000
TRX01471,2026-06-12,Malang,Accessories,Wireless Mouse,76000,3,228000,Cash,F,34.0,4.0,Regular,1780000
TRX00304,2026-06-12,Surabaya,Laptop,Laptop UltraSlim,10501000,1,10501000,Cash,M,28.0,5.0,Regular,940000
TRX01384,2026-06-12,Surabaya,Accessories,Bluetooth Earphones,378000,1,378000,E-Wallet,M,31.0,3.0,Regular,954000
TRX00828,2026-06-12,Jakarta,Smartphone,Smartphone NovaLite,7767000,5,38835000,Credit Card,F,18.0,5.0,Regular,203000
TRX01632,2026-06-12,Malang,Accessories,Bluetooth Earphones,112000,1,112000,Debit Card,F,25.0,5.0,Regular,691000
TRX00179,2026-06-13,Bandung,Home Appliances,2-Door Refrigerator,5217000,5,26085000,Debit Card,F,41.0,5.0,Regular,1536000
TRX00345,2026-06-13,Malang,Laptop,Laptop UltraSlim,7672000,1,7672000,Cash,F,20.0,4.0,Regular,2745000
TRX01037,2026-06-13,Surabaya,Laptop,Laptop UltraSlim,5404000,4,21616000,Debit Card,F,21.0,4.0,Regular,1959000
TRX00592,2026-06-13,Bandung,Accessories,Phone Case,396000,4,1584000,Credit Card,F,49.0,5.0,Regular,2912000
TRX01315,2026-06-13,Surabaya,Smartphone,Smartphone NovaLite,4722000,3,14166000,Cash,M,39.0,2.0,Regular,2604000
TRX00067,2026-06-13,Jakarta,Accessories,Bluetooth Earphones,189000,2,378000,Debit Card,M,31.0,4.0,Regular,871000
TRX00220,2026-06-13,Bandung,Accessories,Bluetooth Earphones,363000,4,1452000,Cash,F,46.0,5.0,Regular,1778000
TRX01206,2026-06-13,Surabaya,Smartphone,Smartphone NovaLite,2398000,5,11990000,Credit Card,M,51.0,3.0,Regular,831000
TRX01428,2026-06-13,Bandung,Smartphone,Smartphone MaxEdge,6335000,5,31675000,Credit Card,M,,5.0,Regular,1913000
TRX01826,2026-06-13,Surabaya,Laptop,Laptop ProBook,11608000,3,34824000,Debit Card,M,36.0,4.0,Regular,2877000
TRX01732,2026-06-13,Surabaya,Home Appliances,2-Door Refrigerator,2385000,1,2385000,Debit Card,F,28.0,5.0,Regular,2480000
TRX01108,2026-06-14,Surabaya,Smartphone,Smartphone NovaLite,7030000,5,35150000,Cash,F,25.0,4.0,Regular,2752000
TRX01390,2026-06-14,Jakarta,Accessories,Bluetooth Earphones,449000,5,2245000,E-Wallet,F,46.0,4.0,Regular,2261000
TRX00843,2026-06-14,Surabaya,Laptop,Laptop ProBook,7885000,4,31540000,Cash,F,25.0,4.0,Regular,1330000
TRX00202,2026-06-14,Surabaya,Smartphone,Smartphone Z5,5622000,3,16866000,E-Wallet,M,19.0,5.0,Regular,2043000
TRX00840,2026-06-14,Malang,Accessories,Wireless Mouse,131000,3,393000,Credit Card,M,22.0,4.0,Regular,2339000
TRX01569,2026-06-14,Surabaya,Smartphone,Smartphone Z5,5887000,5,29435000,E-Wallet,M,43.0,5.0,Regular,400000
TRX01154,2026-06-14,Surabaya,Accessories,Powerbank 10000mAh,222000,4,888000,Debit Card,M,18.0,,Regular,1786000
TRX01287,2026-06-14,Bandung,Smartphone,Smartphone NovaLite,6085000,2,12170000,Credit Card,F,27.0,4.0,Regular,1831000
TRX02114,2026-06-14,Surabaya,Laptop,Laptop A14,12847000,3,38541000,Cash,M,40.0,5.0,Regular,840000
TRX02068,2026-06-14,Malang,Accessories,Powerbank 10000mAh,428000,2,856000,Debit Card,F,38.0,4.0,Regular,1801000
TRX00324,2026-06-15,Surabaya,Accessories,Wireless Mouse,231000,5,1155000,E-Wallet,F,27.0,5.0,Regular,2233000
TRX01507,2026-06-15,Jakarta,Smartphone,Smartphone NovaLite,5185000,5,25925000,E-Wallet,F,37.0,5.0,Regular,351000
TRX00642,2026-06-15,Malang,Laptop,Laptop X1,7202000,1,7202000,Debit Card,M,57.0,5.0,Regular,983000
TRX01948,2026-06-15,Jakarta,Laptop,Laptop X1,10295000,5,51475000,Credit Card,M,41.0,5.0,Regular,2330000
TRX02113,2026-06-15,Jakarta,Smartphone,Smartphone MaxEdge,6307000,2,12614000,Credit Card,M,38.0,4.0,Regular,2624000
TRX02101,2026-06-15,Jakarta,Accessories,Bluetooth Earphones,304000,5,1520000,E-Wallet,F,,2.0,Regular,2780000
TRX01354,2026-06-15,Jakarta,Laptop,Laptop UltraSlim,14176000,5,70880000,E-Wallet,F,36.0,4.0,Regular,1159000
TRX02164,2026-06-15,Surabaya,Accessories,Powerbank 10000mAh,325000,1,325000,E-Wallet,F,42.0,4.0,Regular,654000
TRX01708,2026-06-15,Jakarta,Accessories,Powerbank 10000mAh,324000,3,972000,Credit Card,F,27.0,5.0,Regular,957000
TRX00943,2026-06-15,Jakarta,Smartphone,Smartphone MaxEdge,6063000,4,24252000,Credit Card,F,24.0,,Regular,1436000
TRX00529,2026-06-15,Malang,Home Appliances,Rice Cooker,812000,4,3248000,Credit Card,F,18.0,4.0,Regular,2178000
TRX01951,2026-06-15,Bandung,Smartphone,Smartphone Air,6169000,2,12338000,E-Wallet,M,35.0,3.0,Regular,1128000
TRX00969,2026-06-16,Malang,Accessories,Bluetooth Earphones,437000,5,2185000,E-Wallet,M,39.0,4.0,Regular,244000
TRX00733,2026-06-16,Surabaya,Accessories,Powerbank 10000mAh,77000,2,154000,Debit Card,F,37.0,4.0,Regular,2965000
TRX00153,2026-06-16,Malang,Laptop,Laptop A14,13478000,1,13478000,Credit Card,M,31.0,4.0,Regular,1247000
TRX00715,2026-06-16,Jakarta,Smartphone,Smartphone NovaLite,5963000,2,11926000,E-Wallet,M,24.0,4.0,Regular,2051000
TRX01081,2026-06-16,Jakarta,Smartphone,Smartphone Z5,4515000,5,22575000,Credit Card,F,37.0,4.0,Regular,898000
TRX00061,2026-06-16,Malang,Smartphone,Smartphone Air,4865000,3,14595000,E-Wallet,M,32.0,5.0,Regular,526000
TRX01170,2026-06-16,Bandung,Laptop,Laptop A14,5343000,5,26715000,Debit Card,M,45.0,5.0,Regular,629000
TRX01530,2026-06-16,Malang,Home Appliances,Rice Cooker,4703000,2,9406000,Credit Card,M,45.0,4.0,Regular,556000
TRX02014,2026-06-16,Jakarta,Accessories,Powerbank 10000mAh,71000,5,355000,Credit Card,F,23.0,5.0,Regular,1520000
TRX00530,2026-06-16,Surabaya,Accessories,Wireless Mouse,125000,2,250000,E-Wallet,F,44.0,5.0,Regular,1696000
TRX01006,2026-06-16,Jakarta,Laptop,Laptop A14,14900000,1,14900000,Debit Card,M,31.0,5.0,Regular,2655000
TRX00669,2026-06-16,Malang,Smartphone,Smartphone Z5,3824000,2,7648000,Debit Card,F,21.0,3.0,Regular,1190000
TRX01705,2026-06-16,Malang,Laptop,Laptop ProBook,7446000,5,37230000,Credit Card,F,36.0,3.0,Regular,2270000
TRX01972,2026-06-16,Bandung,Home Appliances,Rice Cooker,881000,1,881000,Cash,M,35.0,5.0,Regular,2421000
TRX00804,2026-06-16,Malang,Smartphone,Smartphone MaxEdge,7353000,5,36765000,Credit Card,M,26.0,3.0,Regular,2505000
TRX01564,2026-06-16,Malang,Accessories,Wireless Mouse,299000,3,897000,Debit Card,F,32.0,4.0,Regular,416000
TRX01103,2026-06-16,Bandung,Laptop,Laptop UltraSlim,6524000,3,19572000,Debit Card,M,35.0,,Regular,1315000
TRX01679,2026-06-17,Malang,Accessories,Bluetooth Earphones,70000,3,210000,E-Wallet,M,30.0,3.0,Regular,916000
TRX00452,2026-06-17,Surabaya,Smartphone,Smartphone Z5,2786000,3,8358000,Credit Card,M,45.0,,Regular,2036000
TRX01623,2026-06-17,Surabaya,Smartphone,Smartphone Z5,7243000,4,28972000,E-Wallet,M,32.0,4.0,Regular,276000
TRX00577,2026-06-17,Jakarta,Laptop,Laptop UltraSlim,12568000,5,62840000,E-Wallet,M,42.0,4.0,Regular,326000
TRX00499,2026-06-17,Jakarta,Smartphone,Smartphone Air,5825000,2,11650000,Credit Card,M,29.0,5.0,Regular,2957000
TRX02166,2026-06-17,Malang,Accessories,Powerbank 10000mAh,249000,1,249000,E-Wallet,F,29.0,5.0,Regular,1607000
TRX01182,2026-06-17,Malang,Accessories,Powerbank 10000mAh,109000,1,109000,E-Wallet,M,18.0,3.0,Regular,1036000
TRX00438,2026-06-17,Jakarta,Accessories,Powerbank 10000mAh,455000,1,455000,Cash,M,23.0,4.0,Regular,2948000
TRX00527,2026-06-17,Surabaya,Smartphone,Smartphone Z5,6019000,5,30095000,Debit Card,M,47.0,4.0,Regular,642000
TRX01067,2026-06-17,Bandung,Smartphone,Smartphone Air,5195000,4,20780000,Cash,F,22.0,5.0,Regular,2009000
TRX00862,2026-06-17,Surabaya,Smartphone,Smartphone NovaLite,7390000,2,14780000,E-Wallet,M,29.0,4.0,Regular,1019000
TRX00421,2026-06-17,Malang,Accessories,Phone Case,227000,1,227000,Debit Card,F,28.0,5.0,Regular,2126000
TRX01990,2026-06-17,Bandung,Accessories,Wireless Mouse,88000,3,264000,E-Wallet,F,40.0,2.0,Regular,1057000
TRX00264,2026-06-17,Malang,Laptop,Laptop A14,6981000,2,13962000,Cash,F,35.0,5.0,Regular,494000
TRX00024,2026-06-17,Malang,Accessories,Powerbank 10000mAh,447000,1,447000,Debit Card,F,41.0,4.0,Regular,1008000
TRX01262,2026-06-17,Malang,Laptop,Laptop X1,7743000,3,23229000,Debit Card,F,39.0,4.0,Regular,2054000
TRX00586,2026-06-17,Malang,Laptop,Laptop X1,11238000,4,44952000,E-Wallet,M,,4.0,Regular,2039000
TRX01273,2026-06-18,Surabaya,Laptop,Laptop UltraSlim,12889000,4,51556000,Credit Card,F,29.0,4.0,Regular,517000
TRX00722,2026-06-18,Surabaya,Laptop,Laptop ProBook,13029000,2,26058000,E-Wallet,F,,5.0,Regular,2271000
TRX00693,2026-06-18,Malang,Laptop,Laptop UltraSlim,12513000,3,37539000,E-Wallet,F,37.0,5.0,Regular,2837000
TRX00470,2026-06-18,Surabaya,Accessories,Powerbank 10000mAh,411000,3,1233000,Debit Card,M,25.0,4.0,Regular,263000
TRX01516,2026-06-18,Surabaya,Laptop,Laptop A14,12218000,5,61090000,E-Wallet,M,35.0,5.0,Regular,2058000
TRX01751,2026-06-18,Surabaya,Laptop,Laptop ProBook,10986000,1,10986000,Credit Card,F,36.0,4.0,Regular,235000
TRX01533,2026-06-18,Bandung,Accessories,Wireless Mouse,314000,5,1570000,Credit Card,F,45.0,4.0,Regular,837000
TRX00491,2026-06-18,Malang,Laptop,Laptop A14,12188000,3,36564000,Cash,M,31.0,5.0,Regular,211000
TRX01977,2026-06-18,Surabaya,Smartphone,Smartphone NovaLite,1945000,3,5835000,Credit Card,F,23.0,3.0,Regular,2807000
TRX01143,2026-06-18,Surabaya,Home Appliances,TV LED 32in,1925000,5,9625000,E-Wallet,M,23.0,4.0,Regular,2140000
TRX01766,2026-06-19,Malang,Smartphone,Smartphone Air,5187000,2,10374000,Cash,M,30.0,4.0,Regular,1112000
TRX00286,2026-06-19,Malang,Accessories,Phone Case,132000,1,132000,E-Wallet,M,25.0,5.0,Regular,2759000
TRX01443,2026-06-19,Surabaya,Accessories,Phone Case,243000,5,1215000,E-Wallet,F,,4.0,Regular,1105000
TRX01447,2026-06-19,Bandung,Smartphone,Smartphone Air,6372000,1,6372000,Cash,M,24.0,5.0,Regular,1894000
TRX00754,2026-06-19,Jakarta,Smartphone,Smartphone NovaLite,3338000,1,3338000,E-Wallet,F,30.0,5.0,Regular,846000
TRX00348,2026-06-19,Surabaya,Smartphone,Smartphone Air,2102000,1,2102000,Debit Card,M,29.0,5.0,Regular,1397000
TRX00181,2026-06-19,Surabaya,Smartphone,Smartphone Air,4331000,5,21655000,E-Wallet,M,28.0,4.0,Regular,2049000
TRX02148,2026-06-19,Jakarta,Smartphone,Smartphone Air,7718000,3,23154000,Credit Card,F,51.0,5.0,Regular,2600000
TRX00409,2026-06-19,Malang,Smartphone,Smartphone MaxEdge,5985000,2,11970000,Credit Card,M,38.0,2.0,Regular,2701000
TRX00764,2026-06-19,Surabaya,Smartphone,Smartphone MaxEdge,5793000,4,23172000,Credit Card,F,51.0,2.0,Regular,679000
TRX00382,2026-06-19,Malang,Laptop,Laptop A14,8391000,2,16782000,Credit Card,M,,3.0,Regular,2866000
TRX00319,2026-06-19,Bandung,Smartphone,Smartphone Air,2543000,5,12715000,E-Wallet,F,27.0,4.0,Regular,608000
TRX00680,2026-06-19,Surabaya,Accessories,Phone Case,418000,4,1672000,E-Wallet,M,33.0,4.0,Regular,212000
TRX02169,2026-06-19,Bandung,Smartphone,Smartphone Air,3647000,3,10941000,Debit Card,M,18.0,1.0,Regular,1908000
TRX01837,2026-06-20,Surabaya,Laptop,Laptop A14,11766000,2,23532000,E-Wallet,F,25.0,3.0,Regular,610000
TRX00081,2026-06-20,Jakarta,Smartphone,Smartphone Z5,6951000,5,34755000,Debit Card,F,37.0,3.0,Regular,2787000
TRX01910,2026-06-20,Jakarta,Laptop,Laptop A14,9243000,2,18486000,Credit Card,M,45.0,5.0,Regular,2617000
TRX01681,2026-06-20,Malang,Home Appliances,Electric Fan,3118000,5,15590000,Cash,F,36.0,3.0,Regular,1737000
TRX02097,2026-06-20,Surabaya,Smartphone,Smartphone MaxEdge,1725000,4,6900000,E-Wallet,F,26.0,,Regular,1945000
TRX01109,2026-06-20,Malang,Home Appliances,2-Door Refrigerator,1570000,3,4710000,Debit Card,F,36.0,3.0,Regular,1034000
TRX01689,2026-06-20,Bandung,Home Appliances,Electric Fan,3564000,2,7128000,Cash,M,36.0,5.0,Regular,1202000
TRX01874,2026-06-20,Bandung,Laptop,Laptop UltraSlim,11515000,3,34545000,Debit Card,M,40.0,4.0,Regular,1823000
TRX00936,2026-06-20,Jakarta,Laptop,Laptop X1,12868000,3,38604000,Debit Card,M,23.0,5.0,Regular,2502000
TRX00926,2026-06-21,Surabaya,Home Appliances,TV LED 32in,3041000,4,12164000,E-Wallet,F,19.0,5.0,Regular,1860000
TRX00383,2026-06-21,Surabaya,Smartphone,Smartphone NovaLite,3307000,5,16535000,E-Wallet,M,38.0,,Regular,1727000
TRX00763,2026-06-21,Bandung,Laptop,Laptop UltraSlim,9500000,2,19000000,Debit Card,M,27.0,5.0,Regular,2633000
TRX00949,2026-06-21,Malang,Laptop,Laptop A14,9267000,1,9267000,Credit Card,F,41.0,4.0,Regular,2025000
TRX00640,2026-06-21,Jakarta,Laptop,Laptop ProBook,13568000,1,13568000,Debit Card,F,50.0,3.0,Regular,1454000
TRX00571,2026-06-21,Surabaya,Smartphone,Smartphone Air,5381000,4,21524000,E-Wallet,F,53.0,4.0,Regular,1210000
TRX02054,2026-06-21,Malang,Accessories,Powerbank 10000mAh,451000,1,451000,E-Wallet,M,41.0,,Regular,2095000
TRX00965,2026-06-21,Surabaya,Accessories,Wireless Mouse,429000,3,1287000,Credit Card,F,50.0,5.0,Regular,2994000
TRX02028,2026-06-21,Malang,Home Appliances,Electric Fan,3819000,4,15276000,Debit Card,M,40.0,2.0,Regular,1030000
TRX00694,2026-06-21,Jakarta,Smartphone,Smartphone MaxEdge,5544000,4,22176000,Credit Card,M,42.0,1.0,Regular,1599000
TRX01727,2026-06-21,Surabaya,Smartphone,Smartphone Z5,5783000,1,5783000,Credit Card,M,25.0,5.0,Regular,2569000
TRX01421,2026-06-21,Malang,Smartphone,Smartphone NovaLite,4862000,4,19448000,Debit Card,M,28.0,1.0,Regular,2794000
TRX00293,2026-06-22,Malang,Accessories,Powerbank 10000mAh,394000,2,788000,E-Wallet,F,23.0,4.0,Regular,2043000
TRX01269,2026-06-22,Surabaya,Smartphone,Smartphone Air,5458000,2,10916000,E-Wallet,F,42.0,,Regular,2140000
TRX02165,2026-06-22,Surabaya,Laptop,Laptop A14,10694000,2,21388000,Debit Card,F,28.0,2.0,Regular,1531000
TRX01440,2026-06-22,Surabaya,Accessories,Powerbank 10000mAh,236000,3,708000,E-Wallet,F,22.0,5.0,Regular,467000
TRX00776,2026-06-22,Jakarta,Smartphone,Smartphone Z5,4237000,4,16948000,Credit Card,M,,5.0,Regular,1363000
TRX01934,2026-06-22,Malang,Smartphone,Smartphone Air,1599000,3,4797000,E-Wallet,M,24.0,5.0,Regular,2421000
TRX01295,2026-06-22,Surabaya,Laptop,Laptop A14,10996000,5,54980000,Debit Card,M,29.0,5.0,Regular,2936000
TRX01784,2026-06-22,Surabaya,Laptop,Laptop ProBook,5757000,3,17271000,Cash,M,29.0,4.0,Regular,2917000
TRX01930,2026-06-22,Surabaya,Laptop,Laptop ProBook,8184000,3,24552000,E-Wallet,M,22.0,5.0,Regular,433000
TRX01832,2026-06-22,Malang,Laptop,Laptop A14,12828000,2,25656000,Cash,F,44.0,4.0,Regular,2896000
TRX00448,2026-06-22,Jakarta,Home Appliances,TV LED 32in,4908000,3,14724000,Cash,M,21.0,,Regular,222000
TRX00671,2026-06-22,Surabaya,Home Appliances,TV LED 32in,1003000,4,4012000,E-Wallet,F,45.0,4.0,Regular,230000
TRX02122,2026-06-22,Jakarta,Smartphone,Smartphone NovaLite,7038000,1,7038000,Credit Card,M,36.0,5.0,Regular,2349000
TRX00340,2026-06-22,Bandung,Smartphone,Smartphone NovaLite,4345000,4,17380000,E-Wallet,M,47.0,2.0,Regular,1318000
TRX01083,2026-06-23,Jakarta,Laptop,Laptop X1,11034000,1,11034000,Credit Card,F,35.0,4.0,Regular,367000
TRX01054,2026-06-23,Jakarta,Laptop,Laptop A14,12637000,1,12637000,Debit Card,F,23.0,4.0,Regular,826000
TRX02117,2026-06-23,Surabaya,Laptop,Laptop A14,13662000,1,13662000,Credit Card,M,,5.0,Regular,1958000
TRX00684,2026-06-23,Malang,Laptop,Laptop X1,14844000,3,44532000,E-Wallet,M,35.0,3.0,Regular,2187000
TRX00515,2026-06-23,Jakarta,Smartphone,Smartphone NovaLite,4140000,1,4140000,Cash,M,39.0,4.0,Regular,2649000
TRX00649,2026-06-23,Surabaya,Home Appliances,TV LED 32in,4922000,5,24610000,E-Wallet,F,31.0,5.0,Regular,573000
TRX01939,2026-06-23,Malang,Smartphone,Smartphone Z5,6949000,5,34745000,Cash,F,42.0,4.0,Regular,1066000
TRX01448,2026-06-23,Malang,Accessories,Wireless Mouse,375000,2,750000,E-Wallet,M,34.0,5.0,Regular,2511000
TRX00274,2026-06-23,Jakarta,Smartphone,Smartphone Z5,6683000,5,33415000,Debit Card,M,,3.0,Regular,1231000
TRX01376,2026-06-23,Malang,Laptop,Laptop ProBook,11458000,5,57290000,Cash,F,30.0,4.0,Regular,1914000
TRX00451,2026-06-23,Malang,Laptop,Laptop ProBook,9339000,1,9339000,E-Wallet,F,23.0,2.0,Regular,628000
TRX00751,2026-06-23,Malang,Home Appliances,2-Door Refrigerator,3494000,1,3494000,Cash,M,27.0,4.0,Regular,434000
TRX00195,2026-06-23,Surabaya,Laptop,Laptop X1,13197000,2,26394000,E-Wallet,M,39.0,4.0,Regular,1501000
TRX00683,2026-06-23,Malang,Smartphone,Smartphone MaxEdge,3927000,1,3927000,Cash,F,29.0,4.0,Regular,2224000
TRX01810,2026-06-23,Surabaya,Accessories,Wireless Mouse,108000,3,324000,Credit Card,F,53.0,4.0,Regular,1677000
TRX01700,2026-06-24,Jakarta,Accessories,Phone Case,60000,4,240000,Credit Card,M,30.0,1.0,Regular,571000
TRX01210,2026-06-24,Bandung,Smartphone,Smartphone Z5,7937000,4,31748000,Credit Card,F,,4.0,Regular,2925000
TRX02143,2026-06-24,Bandung,Accessories,Wireless Mouse,434000,2,868000,Cash,M,37.0,2.0,Regular,1809000
TRX00200,2026-06-24,Surabaya,Home Appliances,TV LED 32in,2773000,3,8319000,Debit Card,F,31.0,4.0,Regular,2860000
TRX00466,2026-06-24,Surabaya,Accessories,Bluetooth Earphones,385000,5,1925000,Credit Card,M,18.0,5.0,Regular,1904000
TRX00853,2026-06-24,Jakarta,Smartphone,Smartphone MaxEdge,2981000,3,8943000,E-Wallet,F,40.0,5.0,Regular,742000
TRX00999,2026-06-24,Malang,Smartphone,Smartphone Z5,6505000,4,26020000,Credit Card,M,25.0,5.0,Regular,1615000
TRX00337,2026-06-24,Malang,Accessories,Phone Case,309000,5,1545000,Debit Card,F,35.0,4.0,Regular,1998000
TRX01369,2026-06-24,Surabaya,Home Appliances,Rice Cooker,1479000,4,5916000,Cash,M,37.0,5.0,Regular,1114000
TRX01223,2026-06-24,Surabaya,Accessories,Powerbank 10000mAh,401000,3,1203000,E-Wallet,M,42.0,4.0,Regular,1233000
TRX01377,2026-06-24,Malang,Laptop,Laptop ProBook,5888000,2,11776000,E-Wallet,M,46.0,4.0,Regular,742000
TRX01243,2026-06-24,Jakarta,Home Appliances,TV LED 32in,1534000,5,7670000,Debit Card,M,22.0,4.0,Regular,616000
TRX00503,2026-06-24,Jakarta,Smartphone,Smartphone Air,6822000,2,13644000,Credit Card,F,45.0,4.0,Regular,2284000
TRX01955,2026-06-25,Jakarta,Accessories,Powerbank 10000mAh,275000,2,550000,Debit Card,F,30.0,4.0,Regular,962000
TRX01226,2026-06-25,Bandung,Smartphone,Smartphone Z5,2188000,4,8752000,Debit Card,F,26.0,,Regular,409000
TRX00861,2026-06-25,Jakarta,Smartphone,Smartphone MaxEdge,3337000,2,6674000,E-Wallet,M,18.0,5.0,Regular,2804000
TRX01567,2026-06-25,Bandung,Smartphone,Smartphone NovaLite,3267000,2,6534000,Debit Card,F,43.0,4.0,Regular,1630000
TRX01233,2026-06-25,Jakarta,Accessories,Bluetooth Earphones,481000,1,481000,E-Wallet,F,,5.0,Regular,1351000
TRX00046,2026-06-25,Surabaya,Accessories,Bluetooth Earphones,397000,1,397000,Debit Card,F,35.0,5.0,Regular,2047000
TRX00404,2026-06-25,Surabaya,Accessories,Phone Case,195000,4,780000,Credit Card,M,34.0,4.0,Regular,1146000
TRX00797,2026-06-25,Jakarta,Smartphone,Smartphone MaxEdge,2643000,2,5286000,Cash,M,36.0,4.0,Regular,2346000
TRX00064,2026-06-25,Malang,Smartphone,Smartphone NovaLite,4938000,3,14814000,E-Wallet,F,35.0,4.0,Regular,2434000
TRX00355,2026-06-25,Surabaya,Smartphone,Smartphone MaxEdge,5101000,2,10202000,Credit Card,F,43.0,4.0,Regular,2015000
TRX00959,2026-06-25,Malang,Home Appliances,Rice Cooker,2760000,2,5520000,Cash,F,38.0,4.0,Regular,834000
TRX00208,2026-06-25,Jakarta,Accessories,Phone Case,201000,4,804000,Debit Card,F,24.0,,Regular,515000
TRX00417,2026-06-25,Malang,Accessories,Phone Case,170000,3,510000,E-Wallet,M,38.0,3.0,Regular,2858000
TRX00609,2026-06-25,Bandung,Smartphone,Smartphone Air,6175000,5,30875000,E-Wallet,F,20.0,,Regular,1988000
TRX02132,2026-06-26,Malang,Smartphone,Smartphone NovaLite,1972000,3,5916000,E-Wallet,M,18.0,3.0,Regular,2906000
TRX00012,2026-06-26,Surabaya,Home Appliances,2-Door Refrigerator,3406000,1,3406000,E-Wallet,F,40.0,3.0,Regular,2950000
TRX01649,2026-06-26,Surabaya,Accessories,Wireless Mouse,121000,3,363000,E-Wallet,F,47.0,4.0,Regular,733000
TRX01797,2026-06-26,Bandung,Accessories,Bluetooth Earphones,400000,2,800000,E-Wallet,F,32.0,4.0,Regular,1424000
TRX00441,2026-06-26,Jakarta,Laptop,Laptop X1,10663000,3,31989000,E-Wallet,M,37.0,3.0,Regular,1280000
TRX00947,2026-06-26,Surabaya,Home Appliances,Rice Cooker,1839000,4,7356000,Credit Card,M,38.0,5.0,Regular,2250000
TRX01475,2026-06-26,Surabaya,Laptop,Laptop ProBook,8537000,2,17074000,E-Wallet,M,32.0,3.0,Regular,899000
TRX00325,2026-06-26,Surabaya,Accessories,Powerbank 10000mAh,383000,2,766000,E-Wallet,M,35.0,4.0,Regular,355000
TRX01250,2026-06-27,Malang,Smartphone,Smartphone Z5,3615000,5,18075000,Debit Card,F,35.0,4.0,Regular,1300000
TRX00141,2026-06-27,Bandung,Smartphone,Smartphone NovaLite,4423000,1,4423000,Credit Card,M,34.0,5.0,Regular,1155000
TRX01746,2026-06-27,Surabaya,Home Appliances,2-Door Refrigerator,1332000,2,2664000,E-Wallet,M,31.0,4.0,Regular,1868000
TRX01676,2026-06-27,Surabaya,Smartphone,Smartphone Z5,2892000,4,11568000,Credit Card,F,32.0,5.0,Regular,2516000
TRX00894,2026-06-27,Malang,Accessories,Bluetooth Earphones,282000,1,282000,Cash,F,28.0,4.0,Regular,2907000
TRX01198,2026-06-27,Malang,Smartphone,Smartphone Air,2521000,1,2521000,E-Wallet,F,42.0,5.0,Regular,1921000
TRX00914,2026-06-27,Surabaya,Laptop,Laptop UltraSlim,6528000,5,32640000,Credit Card,M,31.0,5.0,Regular,1947000
TRX01381,2026-06-27,Surabaya,Home Appliances,Rice Cooker,1137000,5,5685000,Cash,F,34.0,2.0,Regular,443000
TRX02170,2026-06-27,Malang,Laptop,Laptop ProBook,7583000,1,7583000,Credit Card,F,37.0,5.0,Regular,1048000
TRX00594,2026-06-27,Jakarta,Smartphone,Smartphone NovaLite,4693000,3,14079000,E-Wallet,F,24.0,4.0,Regular,2683000
TRX01830,2026-06-27,Jakarta,Home Appliances,2-Door Refrigerator,5621000,4,22484000,E-Wallet,M,36.0,4.0,Regular,1773000
TRX00851,2026-06-27,Bandung,Laptop,Laptop X1,8451000,2,16902000,E-Wallet,F,36.0,4.0,Regular,1282000
TRX01246,2026-06-28,Malang,Smartphone,Smartphone Z5,5452000,2,10904000,Debit Card,F,18.0,,Regular,2809000
TRX01393,2026-06-28,Malang,Accessories,Wireless Mouse,386000,5,1930000,E-Wallet,F,38.0,5.0,Regular,1745000
TRX01457,2026-06-28,Malang,Smartphone,Smartphone NovaLite,4149000,5,20745000,E-Wallet,F,43.0,4.0,Regular,1831000
TRX01828,2026-06-28,Surabaya,Laptop,Laptop A14,7954000,5,39770000,E-Wallet,F,56.0,4.0,Regular,2035000
TRX01228,2026-06-28,Malang,Accessories,Wireless Mouse,98000,5,490000,E-Wallet,F,40.0,4.0,Regular,470000
TRX02039,2026-06-28,Jakarta,Accessories,Bluetooth Earphones,338000,3,1014000,E-Wallet,F,40.0,4.0,Regular,1758000
TRX02035,2026-06-28,Jakarta,Smartphone,Smartphone NovaLite,5322000,5,26610000,E-Wallet,F,24.0,4.0,Regular,2657000
TRX01747,2026-06-28,Malang,Laptop,Laptop ProBook,13510000,3,40530000,E-Wallet,M,21.0,,Regular,824000
TRX01707,2026-06-28,Surabaya,Accessories,Phone Case,463000,3,1389000,Debit Card,F,34.0,5.0,Regular,1259000
TRX00555,2026-06-28,Bandung,Accessories,Phone Case,176000,4,704000,Credit Card,F,24.0,5.0,Regular,1375000
TRX01570,2026-06-28,Surabaya,Accessories,Bluetooth Earphones,227000,3,681000,Credit Card,M,30.0,4.0,Regular,803000
TRX01203,2026-06-28,Surabaya,Accessories,Bluetooth Earphones,142000,5,710000,Credit Card,F,31.0,,Regular,927000
TRX01962,2026-06-28,Surabaya,Smartphone,Smartphone Z5,3605000,1,3605000,Debit Card,M,28.0,4.0,Regular,1459000
TRX00772,2026-06-28,Surabaya,Accessories,Phone Case,146000,5,730000,Debit Card,F,,5.0,Regular,2775000
TRX00145,2026-06-29,Surabaya,Home Appliances,Electric Fan,5157000,5,25785000,Credit Card,F,23.0,3.0,Regular,2132000
TRX01998,2026-06-29,Surabaya,Laptop,Laptop X1,9204000,3,27612000,Cash,M,27.0,,Regular,466000
TRX00356,2026-06-29,Malang,Laptop,Laptop ProBook,7530000,2,15060000,E-Wallet,F,39.0,5.0,Regular,610000
TRX01088,2026-06-29,Surabaya,Laptop,Laptop UltraSlim,6584000,5,32920000,E-Wallet,F,37.0,4.0,Regular,971000
TRX01082,2026-06-29,Bandung,Smartphone,Smartphone NovaLite,4112000,4,16448000,Debit Card,M,18.0,4.0,Regular,1513000
TRX00347,2026-06-29,Bandung,Smartphone,Smartphone Z5,5626000,2,11252000,E-Wallet,M,46.0,4.0,Regular,2938000
TRX01620,2026-06-29,Surabaya,Smartphone,Smartphone MaxEdge,2487000,1,2487000,Credit Card,F,,5.0,Regular,2556000
TRX02046,2026-06-29,Jakarta,Laptop,Laptop X1,14896000,5,74480000,E-Wallet,F,26.0,4.0,Regular,1012000
TRX01626,2026-06-29,Jakarta,Smartphone,Smartphone Z5,2916000,5,14580000,Debit Card,F,26.0,3.0,Regular,511000
TRX00265,2026-06-29,Surabaya,Home Appliances,TV LED 32in,2460000,5,12300000,Debit Card,F,49.0,4.0,Regular,822000
TRX00820,2026-06-30,Bandung,Smartphone,Smartphone MaxEdge,2852000,3,8556000,E-Wallet,F,31.0,2.0,Regular,344000
TRX00161,2026-06-30,Malang,Smartphone,Smartphone Z5,1730000,5,8650000,Debit Card,F,23.0,4.0,Regular,2618000
TRX02173,2026-06-30,Jakarta,Home Appliances,Rice Cooker,4077000,1,4077000,Debit Card,F,32.0,5.0,Regular,1152000
TRX00810,2026-06-30,Bandung,Smartphone,Smartphone Air,7610000,2,15220000,Cash,M,25.0,3.0,Regular,1865000
TRX01559,2026-06-30,Malang,Laptop,Laptop X1,14760000,3,44280000,Debit Card,F,34.0,5.0,Regular,1359000
TRX00511,2026-06-30,Malang,Smartphone,Smartphone NovaLite,2393000,1,2393000,E-Wallet,M,,5.0,Regular,1871000
TRX00401,2026-06-30,Jakarta,Home Appliances,2-Door Refrigerator,4572000,2,9144000,E-Wallet,M,26.0,5.0,Regular,747000
TRX00691,2026-06-30,Jakarta,Home Appliances,Rice Cooker,2180000,4,8720000,E-Wallet,F,39.0,4.0,Regular,1073000
TRX01169,2026-06-30,Jakarta,Home Appliances,Rice Cooker,2865000,2,5730000,Debit Card,M,36.0,5.0,Regular,1362000
TRX01346,2026-06-30,Surabaya,Home Appliances,TV LED 32in,5765000,3,17295000,Credit Card,M,18.0,5.0,Regular,1939000
TRX01422,2026-06-30,Surabaya,Smartphone,Smartphone Z5,7161000,3,21483000,E-Wallet,M,24.0,4.0,Regular,2324000
TRX01056,2026-06-30,Bandung,Accessories,Bluetooth Earphones,376000,3,1128000,E-Wallet,M,40.0,4.0,Regular,1857000
TRX01117,2026-06-30,Malang,Smartphone,Smartphone Z5,7533000,2,15066000,E-Wallet,F,21.0,,Regular,2207000
TRX01336,2026-06-30,Bandung,Laptop,Laptop ProBook,9496000,1,9496000,E-Wallet,F,47.0,5.0,Regular,242000
